timestamp,open,high,low,close,volume
2024-03-12 00:00:00,4065.75,4092.73,3832.09,3979.43,383635.95
2024-03-13 00:00:00,3979.43,4083.88,3934.38,4007.46,286962.91
2024-03-14 00:00:00,4007.46,4012.91,3719.25,3880.8,376891.87
2024-03-15 00:00:00,3880.8,3931.65,3567.56,3742.44,487205.54
2024-03-16 00:00:00,3742.44,3780.95,3467.22,3520.08,287100.39
2024-03-17 00:00:00,3520.08,3676.55,3411.95,3641.61,273465.18
2024-03-18 00:00:00,3641.61,3642.66,3454.26,3520.31,301558.82
2024-03-19 00:00:00,3520.31,3547.15,3149.03,3158.44,587955.64
2024-03-20 00:00:00,3158.44,3535.92,3057.97,3516.66,658543.95
2024-03-21 00:00:00,3516.66,3586.77,3411.44,3492.08,401675.9
2024-03-22 00:00:00,3492.08,3542.29,3250.83,3337.08,405182.37
2024-03-23 00:00:00,3337.08,3435.43,3271.78,3330.49,251602.31
2024-03-24 00:00:00,3330.49,3470.85,3300.55,3454.45,207564.45
2024-03-25 00:00:00,3454.45,3659.32,3420.9,3590.96,347674.26
2024-03-26 00:00:00,3590.96,3680.41,3544.7,3587.6,302556.21
2024-03-27 00:00:00,3587.6,3665.39,3459.06,3499.77,330442.76
2024-03-28 00:00:00,3499.77,3611.7,3462.9,3561.1,279078.37
2024-03-29 00:00:00,3561.1,3584.55,3474.1,3511.49,201382.16
2024-03-30 00:00:00,3511.49,3567.15,3488.56,3507.56,153144.16
2024-03-31 00:00:00,3507.56,3654.87,3506.31,3645.98,157210.73
2024-04-01 00:00:00,3645.98,3646.35,3414.46,3505.52,266251.45
2024-04-02 00:00:00,3505.52,3507.54,3213.09,3279.4,406551.0
2024-04-03 00:00:00,3279.4,3368.57,3203.99,3312.24,301025.74
2024-04-04 00:00:00,3312.24,3444.82,3252.11,3329.17,306389.28
2024-04-05 00:00:00,3329.17,3348.68,3211.37,3319.12,301242.62
2024-04-06 00:00:00,3319.12,3398.56,3308.84,3352.4,151035.71
2024-04-07 00:00:00,3352.4,3459.61,3345.47,3453.85,153705.66
2024-04-08 00:00:00,3453.85,3728.57,3407.31,3694.7,348354.17
2024-04-09 00:00:00,3694.7,3726.03,3452.88,3504.83,330003.13
2024-04-10 00:00:00,3504.83,3562.32,3413.05,3545.56,287616.46
2024-04-11 00:00:00,3545.56,3617.34,3473.65,3503.21,225366.27
2024-04-12 00:00:00,3503.21,3552.91,3095.49,3239.12,415871.51
2024-04-13 00:00:00,3239.12,3301.9,2832.33,3011.51,617652.5
2024-04-14 00:00:00,3011.51,3175.48,2911.99,3158.26,480594.13
2024-04-15 00:00:00,3158.26,3280.66,3025.93,3103.0,393938.85
2024-04-16 00:00:00,3103.0,3128.0,2991.76,3085.42,359785.72
2024-04-17 00:00:00,3085.42,3123.61,2914.87,2985.12,323995.26
2024-04-18 00:00:00,2985.12,3095.76,2953.19,3065.69,288067.39
2024-04-19 00:00:00,3065.69,3128.53,2866.07,3057.95,342783.81
2024-04-20 00:00:00,3057.95,3172.03,3020.15,3157.04,167131.32
2024-04-21 00:00:00,3157.04,3198.43,3117.72,3148.11,148983.34
2024-04-22 00:00:00,3148.11,3237.49,3130.02,3201.55,209637.54
2024-04-23 00:00:00,3201.55,3265.06,3153.66,3219.78,213483.88
2024-04-24 00:00:00,3219.78,3293.6,3103.6,3139.1,269991.9
2024-04-25 00:00:00,3139.1,3191.65,3072.07,3155.47,281066.14
2024-04-26 00:00:00,3155.47,3166.44,3101.66,3130.07,219855.93
2024-04-27 00:00:00,3130.07,3281.58,3068.25,3253.23,203602.38
2024-04-28 00:00:00,3253.23,3356.14,3247.4,3262.43,205463.5
2024-04-29 00:00:00,3262.43,3286.13,3115.53,3215.73,267685.05
2024-04-30 00:00:00,3215.73,3249.56,2916.96,3011.46,361691.81
2024-05-01 00:00:00,3011.46,3020.24,2814.92,2968.82,435377.76
2024-05-02 00:00:00,2968.82,3016.2,2891.41,2986.41,272328.54
2024-05-03 00:00:00,2986.41,3128.05,2958.91,3103.77,277060.08
2024-05-04 00:00:00,3103.77,3168.22,3094.62,3117.52,147176.47
2024-05-05 00:00:00,3117.52,3171.62,3074.21,3137.09,152383.35
2024-05-06 00:00:00,3137.09,3221.37,3046.59,3063.19,237439.94
2024-05-07 00:00:00,3063.19,3129.75,3000.11,3005.91,221350.09
2024-05-08 00:00:00,3005.91,3037.87,2937.08,2973.31,241568.02
2024-05-09 00:00:00,2973.31,3058.63,2949.86,3035.93,211428.59
2024-05-10 00:00:00,3035.93,3053.17,2878.86,2909.58,258568.64
2024-05-11 00:00:00,2909.58,2944.04,2886.48,2911.82,125899.86
2024-05-12 00:00:00,2911.82,2954.09,2900.58,2927.97,111406.04
2024-05-13 00:00:00,2927.97,2994.62,2864.31,2950.16,261787.73
2024-05-14 00:00:00,2950.16,2960.08,2859.65,2880.64,249247.21
2024-05-15 00:00:00,2880.64,3041.55,2862.97,3033.46,250539.77
2024-05-16 00:00:00,3033.46,3041.6,2924.04,2945.17,221619.51
2024-05-17 00:00:00,2945.17,3121.45,2933.76,3093.44,237502.45
2024-05-18 00:00:00,3093.44,3147.62,3085.46,3123.72,131838.78
2024-05-19 00:00:00,3123.72,3137.07,3054.06,3070.68,139746.96
2024-05-20 00:00:00,3070.68,3694.25,3048.64,3661.58,613409.29
2024-05-21 00:00:00,3661.58,3838.22,3626.39,3789.36,610857.21
2024-05-22 00:00:00,3789.36,3812.19,3653.74,3736.33,379891.06
2024-05-23 00:00:00,3736.33,3945.85,3545.21,3781.61,669270.47
2024-05-24 00:00:00,3781.61,3827.36,3628.42,3727.14,288764.04
2024-05-25 00:00:00,3727.14,3777.86,3708.25,3749.23,99783.57
2024-05-26 00:00:00,3749.23,3882.33,3731.48,3824.34,161510.02
2024-05-27 00:00:00,3824.34,3973.81,3821.86,3891.26,205569.41
2024-05-28 00:00:00,3891.26,3926.23,3769.74,3840.39,233210.02
2024-05-29 00:00:00,3840.39,3883.1,3740.97,3762.22,230073.49
2024-05-30 00:00:00,3762.22,3823.86,3700.91,3746.97,207732.71
2024-05-31 00:00:00,3746.97,3844.09,3720.98,3758.65,225857.18
2024-06-01 00:00:00,3758.65,3829.62,3748.85,3812.81,97005.74
2024-06-02 00:00:00,3812.81,3834.79,3750.64,3779.06,123116.68
2024-06-03 00:00:00,3779.06,3849.89,3758.03,3766.32,171897.5
2024-06-04 00:00:00,3766.32,3832.27,3731.38,3810.73,161833.45
2024-06-05 00:00:00,3810.73,3887.65,3778.47,3866.46,170665.85
2024-06-06 00:00:00,3866.46,3878.9,3758.9,3812.05,140945.2
2024-06-07 00:00:00,3812.05,3839.68,3584.45,3676.79,249976.03
2024-06-08 00:00:00,3676.79,3707.87,3660.99,3680.84,80031.59
2024-06-09 00:00:00,3680.84,3721.77,3666.37,3706.0,64608.0
2024-06-10 00:00:00,3706.0,3712.47,3643.95,3665.99,115082.08
2024-06-11 00:00:00,3665.99,3671.15,3420.98,3497.32,327115.24
2024-06-12 00:00:00,3497.32,3656.3,3462.28,3559.25,236419.7
2024-06-13 00:00:00,3559.25,3560.44,3426.66,3467.79,244679.96
2024-06-14 00:00:00,3467.79,3529.49,3360.4,3479.74,263322.79
2024-06-15 00:00:00,3479.74,3591.34,3471.43,3566.61,160975.62
2024-06-16 00:00:00,3566.61,3650.47,3539.39,3622.37,123587.85
2024-06-17 00:00:00,3622.37,3636.6,3464.1,3510.08,293898.69
2024-06-18 00:00:00,3510.08,3515.3,3360.4,3482.27,360756.73
2024-06-19 00:00:00,3482.27,3585.45,3464.99,3558.97,277087.04
2024-06-20 00:00:00,3558.97,3624.03,3484.24,3510.94,285337.3
2024-06-21 00:00:00,3510.94,3545.62,3445.09,3517.28,285086.02
2024-06-22 00:00:00,3517.28,3520.1,3474.17,3494.25,92237.39
2024-06-23 00:00:00,3494.25,3519.63,3405.61,3418.62,128959.72
2024-06-24 00:00:00,3418.62,3432.39,3238.76,3350.54,432111.09
2024-06-25 00:00:00,3350.54,3429.63,3335.17,3393.91,268888.0
2024-06-26 00:00:00,3393.91,3424.88,3324.89,3369.46,233222.44
2024-06-27 00:00:00,3369.46,3473.86,3360.17,3445.8,202794.81
2024-06-28 00:00:00,3445.8,3484.29,3361.15,3373.8,237892.69
2024-06-29 00:00:00,3373.8,3402.58,3367.02,3373.52,73783.39
2024-06-30 00:00:00,3373.52,3454.57,3348.22,3432.82,113753.11
2024-07-01 00:00:00,3432.82,3519.01,3421.6,3438.83,194043.88
2024-07-02 00:00:00,3438.83,3460.32,3397.31,3416.41,133508.19
2024-07-03 00:00:00,3416.41,3427.05,3248.43,3292.16,252160.2
2024-07-04 00:00:00,3292.16,3309.66,3050.24,3058.81,331942.98
2024-07-05 00:00:00,3058.81,3107.89,2813.4,2982.07,590544.78
2024-07-06 00:00:00,2982.07,3081.82,2956.02,3067.54,186751.41
2024-07-07 00:00:00,3067.54,3073.37,2922.6,2931.2,194303.14
2024-07-08 00:00:00,2931.2,3095.59,2823.46,3018.49,446084.06
2024-07-09 00:00:00,3018.49,3113.28,3003.39,3066.44,270137.34
2024-07-10 00:00:00,3066.44,3151.0,3024.32,3100.44,266996.85
2024-07-11 00:00:00,3100.44,3216.8,3055.15,3099.49,306401.14
2024-07-12 00:00:00,3099.49,3158.27,3045.45,3134.62,263282.49
2024-07-13 00:00:00,3134.62,3203.26,3114.5,3176.67,143528.6
2024-07-14 00:00:00,3176.67,3269.15,3164.68,3246.12,179824.84
2024-07-15 00:00:00,3246.12,3495.92,3234.16,3485.5,372645.85
2024-07-16 00:00:00,3485.5,3500.11,3348.6,3446.19,381716.86
2024-07-17 00:00:00,3446.19,3518.37,3377.02,3387.66,290332.97
2024-07-18 00:00:00,3387.66,3489.81,3367.76,3425.94,294308.06
2024-07-19 00:00:00,3425.94,3542.18,3376.46,3506.0,362043.38
2024-07-20 00:00:00,3506.0,3541.04,3482.21,3518.85,155617.03
2024-07-21 00:00:00,3518.85,3547.99,3413.6,3536.46,237146.07
2024-07-22 00:00:00,3536.46,3563.26,3424.39,3441.05,293172.34
2024-07-23 00:00:00,3441.05,3541.2,3390.66,3483.07,497692.19
2024-07-24 00:00:00,3483.07,3488.34,3305.26,3335.15,374294.59
2024-07-25 00:00:00,3335.15,3342.09,3086.98,3174.48,629226.14
2024-07-26 00:00:00,3174.48,3286.14,3170.16,3274.89,352369.01
2024-07-27 00:00:00,3274.89,3328.21,3191.5,3249.36,266332.66
2024-07-28 00:00:00,3249.36,3284.22,3198.42,3270.15,169799.31
2024-07-29 00:00:00,3270.15,3396.47,3257.12,3317.94,401715.85
2024-07-30 00:00:00,3317.94,3365.72,3233.0,3278.41,350556.94
2024-07-31 00:00:00,3278.41,3348.14,3212.6,3231.84,376464.31
2024-08-01 00:00:00,3231.84,3242.01,3077.63,3200.67,487547.13
2024-08-02 00:00:00,3200.67,3215.63,2963.83,2985.72,523145.1
2024-08-03 00:00:00,2985.72,3016.01,2857.64,2902.09,393207.03
2024-08-04 00:00:00,2902.09,2932.92,2631.57,2688.08,471043.14
2024-08-05 00:00:00,2688.08,2695.99,2121.38,2420.39,1526680.78
2024-08-06 00:00:00,2420.39,2555.03,2416.38,2462.39,714375.21
2024-08-07 00:00:00,2462.39,2552.44,2309.57,2343.5,726776.89
2024-08-08 00:00:00,2343.5,2725.27,2321.44,2683.62,683581.04
2024-08-09 00:00:00,2683.62,2708.37,2553.45,2600.21,477272.21
2024-08-10 00:00:00,2600.21,2645.71,2577.75,2610.64,216883.19
2024-08-11 00:00:00,2610.64,2720.01,2541.45,2555.67,341708.96
2024-08-12 00:00:00,2555.67,2750.36,2510.8,2723.07,568584.98
2024-08-13 00:00:00,2723.07,2738.95,2611.9,2703.6,445417.36
2024-08-14 00:00:00,2703.6,2780.36,2634.08,2661.98,501689.55
2024-08-15 00:00:00,2661.98,2675.61,2516.45,2570.39,513312.96
2024-08-16 00:00:00,2570.39,2631.33,2551.62,2593.7,386678.1
2024-08-17 00:00:00,2593.7,2627.79,2588.33,2614.92,145605.55
2024-08-18 00:00:00,2614.92,2688.05,2595.09,2612.58,230351.73
2024-08-19 00:00:00,2612.58,2648.59,2564.33,2637.47,350672.63
2024-08-20 00:00:00,2637.47,2696.96,2555.47,2573.25,391914.19
2024-08-21 00:00:00,2573.25,2665.0,2536.65,2631.39,406904.03
2024-08-22 00:00:00,2631.39,2645.74,2585.16,2623.57,302785.48
2024-08-23 00:00:00,2623.57,2801.3,2622.04,2764.81,454835.09
2024-08-24 00:00:00,2764.81,2821.03,2734.68,2769.86,247938.26
2024-08-25 00:00:00,2769.86,2793.69,2734.94,2747.52,197125.99
2024-08-26 00:00:00,2747.52,2763.44,2667.78,2681.15,361330.86
2024-08-27 00:00:00,2681.15,2700.25,2397.41,2458.29,575029.06
2024-08-28 00:00:00,2458.29,2555.36,2419.63,2528.73,723938.63
2024-08-29 00:00:00,2528.73,2596.48,2505.99,2527.97,490152.85
2024-08-30 00:00:00,2527.97,2549.39,2431.81,2526.02,540292.51
2024-08-31 00:00:00,2526.02,2533.75,2492.3,2513.01,161106.88
2024-09-01 00:00:00,2513.01,2516.11,2399.46,2426.06,391153.73
2024-09-02 00:00:00,2426.06,2564.12,2423.46,2538.22,443297.14
2024-09-03 00:00:00,2538.22,2553.6,2412.13,2424.4,404963.91
2024-09-04 00:00:00,2424.4,2489.97,2307.38,2450.36,631890.81
2024-09-05 00:00:00,2450.36,2465.98,2347.87,2367.89,506160.09
2024-09-06 00:00:00,2367.89,2408.12,2150.58,2224.52,1270951.21
2024-09-07 00:00:00,2224.52,2311.5,2221.47,2273.45,397641.65
2024-09-08 00:00:00,2273.45,2333.32,2240.93,2297.39,418755.78
2024-09-09 00:00:00,2297.39,2381.15,2272.96,2360.0,734292.08
2024-09-10 00:00:00,2360.0,2399.89,2321.2,2388.83,515248.66
2024-09-11 00:00:00,2388.83,2389.63,2277.46,2340.73,810168.09
2024-09-12 00:00:00,2340.73,2392.23,2315.2,2361.91,540552.51
2024-09-13 00:00:00,2361.91,2467.01,2337.55,2441.28,558228.19
2024-09-14 00:00:00,2441.28,2442.6,2380.27,2418.52,228792.89
2024-09-15 00:00:00,2418.52,2430.97,2284.83,2316.46,397331.43
2024-09-16 00:00:00,2316.46,2335.55,2252.35,2295.53,620444.86
2024-09-17 00:00:00,2295.53,2394.13,2263.23,2342.21,534392.14
2024-09-18 00:00:00,2342.21,2376.81,2277.24,2375.01,802301.0
2024-09-19 00:00:00,2375.01,2495.81,2373.21,2465.83,669373.26
2024-09-20 00:00:00,2465.83,2572.48,2438.28,2561.88,662488.82
2024-09-21 00:00:00,2561.88,2623.23,2529.08,2613.27,350291.99
2024-09-22 00:00:00,2613.27,2632.42,2525.5,2581.43,433318.91
2024-09-23 00:00:00,2581.43,2703.72,2540.14,2647.17,797788.43
2024-09-24 00:00:00,2647.17,2671.47,2591.67,2653.41,564932.4
2024-09-25 00:00:00,2653.41,2673.98,2554.44,2579.69,458195.34
2024-09-26 00:00:00,2579.69,2667.12,2558.97,2632.81,636262.74
2024-09-27 00:00:00,2632.81,2729.09,2615.78,2695.48,630258.28
2024-09-28 00:00:00,2695.48,2704.85,2650.36,2676.03,253740.82
2024-09-29 00:00:00,2676.03,2684.06,2634.67,2658.08,336903.96
2024-09-30 00:00:00,2658.08,2663.74,2574.29,2601.63,675135.62
2024-10-01 00:00:00,2601.63,2658.14,2412.86,2447.54,935350.48
2024-10-02 00:00:00,2447.54,2498.47,2351.69,2363.64,878594.95
2024-10-03 00:00:00,2363.64,2403.1,2309.02,2349.81,791791.01
2024-10-04 00:00:00,2349.81,2441.17,2339.08,2414.67,613653.36
2024-10-05 00:00:00,2414.67,2428.3,2389.86,2414.79,228294.58
2024-10-06 00:00:00,2414.79,2457.66,2406.92,2439.96,247260.3
2024-10-07 00:00:00,2439.96,2520.68,2403.11,2422.14,605307.21
2024-10-08 00:00:00,2422.14,2464.96,2400.15,2439.67,565992.23
2024-10-09 00:00:00,2439.67,2472.34,2349.45,2368.44,628217.18
2024-10-10 00:00:00,2368.44,2418.45,2327.91,2384.4,646463.58
2024-10-11 00:00:00,2384.4,2471.51,2380.07,2439.03,514548.99
2024-10-12 00:00:00,2439.03,2489.88,2433.76,2475.93,268416.86
2024-10-13 00:00:00,2475.93,2484.69,2436.05,2468.12,309345.14
2024-10-14 00:00:00,2468.12,2653.38,2442.68,2629.02,691238.78
2024-10-15 00:00:00,2629.02,2687.32,2536.79,2606.92,701243.67
2024-10-16 00:00:00,2606.92,2647.0,2588.65,2610.95,471282.51
2024-10-17 00:00:00,2610.95,2647.64,2574.89,2605.1,439222.83
2024-10-18 00:00:00,2605.1,2676.03,2595.49,2642.22,449053.78
2024-10-19 00:00:00,2642.22,2663.13,2631.03,2648.12,157675.14
2024-10-20 00:00:00,2648.12,2758.61,2635.5,2746.4,336813.48
2024-10-21 00:00:00,2746.4,2768.44,2653.51,2665.9,485361.67
2024-10-22 00:00:00,2665.9,2670.69,2605.16,2621.31,468082.26
2024-10-23 00:00:00,2621.31,2626.44,2447.63,2522.33,554160.28
2024-10-24 00:00:00,2522.33,2559.63,2505.09,2534.54,520686.94
2024-10-25 00:00:00,2534.54,2564.77,2379.92,2436.2,793068.69
2024-10-26 00:00:00,2436.2,2504.68,2426.19,2479.7,374032.46
2024-10-27 00:00:00,2479.7,2524.68,2460.86,2505.21,250034.47
2024-10-28 00:00:00,2505.21,2587.97,2468.99,2565.82,621030.44
2024-10-29 00:00:00,2565.82,2681.49,2559.73,2638.16,695762.27
2024-10-30 00:00:00,2638.16,2721.17,2599.62,2658.35,598055.65
2024-10-31 00:00:00,2658.35,2668.16,2500.37,2515.04,525510.51
2024-11-01 00:00:00,2515.04,2585.36,2465.23,2510.39,540363.93
2024-11-02 00:00:00,2510.39,2522.44,2470.1,2493.41,197860.22
2024-11-03 00:00:00,2493.41,2495.76,2410.21,2456.66,456155.0
2024-11-04 00:00:00,2456.66,2489.68,2356.45,2396.87,488064.97
2024-11-05 00:00:00,2396.87,2479.4,2379.36,2422.4,541608.48
2024-11-06 00:00:00,2422.4,2746.79,2420.17,2724.61,983307.18
2024-11-07 00:00:00,2724.61,2920.14,2701.67,2897.52,983985.53
2024-11-08 00:00:00,2897.52,2985.38,2889.33,2963.98,864685.78
2024-11-09 00:00:00,2963.98,3158.45,2957.02,3127.99,674864.79
2024-11-10 00:00:00,3127.99,3251.73,3070.75,3186.06,1066371.96
2024-11-11 00:00:00,3186.06,3391.44,3108.06,3375.79,1371655.28
2024-11-12 00:00:00,3375.79,3446.83,3210.71,3247.18,1572933.12
2024-11-13 00:00:00,3247.18,3339.13,3121.1,3191.32,1694646.9
2024-11-14 00:00:00,3191.32,3242.46,3029.87,3059.11,1094612.33
2024-11-15 00:00:00,3059.11,3131.21,3014.42,3091.03,1010306.63
2024-11-16 00:00:00,3091.03,3220.45,3073.05,3134.46,711991.72
2024-11-17 00:00:00,3134.46,3161.64,3035.43,3076.78,883275.45
2024-11-18 00:00:00,3076.78,3225.96,3043.95,3209.54,1056560.33
2024-11-19 00:00:00,3209.54,3222.68,3069.92,3112.1,872393.18
2024-11-20 00:00:00,3112.1,3161.74,3032.19,3072.39,920895.41
2024-11-21 00:00:00,3072.39,3390.36,3035.42,3359.82,1472261.88
2024-11-22 00:00:00,3359.82,3429.52,3260.59,3331.89,1093593.44
2024-11-23 00:00:00,3331.89,3500.84,3316.75,3397.31,1006484.06
2024-11-24 00:00:00,3397.31,3453.25,3286.01,3364.81,714306.85
2024-11-25 00:00:00,3364.81,3546.9,3304.24,3414.86,1551247.76
2024-11-26 00:00:00,3414.86,3463.14,3253.0,3323.46,1228456.09
2024-11-27 00:00:00,3323.46,3688.67,3300.95,3657.71,1089769.54
2024-11-28 00:00:00,3657.71,3665.49,3530.59,3579.62,676354.04
2024-11-29 00:00:00,3579.62,3649.37,3535.89,3593.72,638222.65
2024-11-30 00:00:00,3593.72,3740.88,3569.68,3706.22,602183.58
2024-12-01 00:00:00,3706.22,3748.69,3661.41,3710.38,615049.12
2024-12-02 00:00:00,3710.38,3763.68,3556.46,3644.73,1050376.87
2024-12-03 00:00:00,3644.73,3670.83,3502.19,3617.6,957760.15
2024-12-04 00:00:00,3617.6,3896.39,3617.49,3845.15,1491705.74
2024-12-05 00:00:00,3845.15,3960.04,3682.13,3789.23,1530990.47
2024-12-06 00:00:00,3789.23,4095.77,3781.72,4005.27,1111693.25
2024-12-07 00:00:00,4005.27,4030.6,3973.34,4000.53,377746.89
2024-12-08 00:00:00,4000.53,4018.61,3925.98,4007.11,352808.68
2024-12-09 00:00:00,4007.11,4008.95,3518.41,3714.19,1331815.99
2024-12-10 00:00:00,3714.19,3782.03,3516.11,3630.62,1532770.64
2024-12-11 00:00:00,3630.62,3851.87,3564.93,3834.97,846033.64
2024-12-12 00:00:00,3834.97,3989.26,3800.06,3882.65,992205.5
2024-12-13 00:00:00,3882.65,3969.42,3854.19,3907.67,671079.01
2024-12-14 00:00:00,3907.67,3945.69,3824.52,3869.58,407410.26
2024-12-15 00:00:00,3869.58,3973.82,3831.25,3957.8,401077.22
2024-12-16 00:00:00,3957.8,4109.05,3882.18,3987.5,952417.89
2024-12-17 00:00:00,3987.5,4041.72,3848.18,3893.55,786202.61
2024-12-18 00:00:00,3893.55,3906.34,3615.92,3624.67,1372709.16
2024-12-19 00:00:00,3624.67,3718.21,3324.98,3414.47,1830425.9
2024-12-20 00:00:00,3414.47,3497.41,3097.02,3470.82,2219323.99
2024-12-21 00:00:00,3470.82,3553.59,3291.33,3337.38,1155916.14
2024-12-22 00:00:00,3337.38,3400.67,3217.99,3278.9,1040424.92
2024-12-23 00:00:00,3278.9,3462.33,3214.22,3418.24,1490422.32
2024-12-24 00:00:00,3418.24,3537.95,3353.25,3491.08,786958.56
2024-12-25 00:00:00,3491.08,3544.38,3437.73,3494.17,491620.39
2024-12-26 00:00:00,3494.17,3512.4,3301.29,3331.04,763125.04
2024-12-27 00:00:00,3331.04,3438.15,3302.29,3328.67,853759.31
2024-12-28 00:00:00,3328.67,3421.63,3317.24,3397.86,387541.31
2024-12-29 00:00:00,3397.86,3408.15,3319.97,3350.43,378550.32
2024-12-30 00:00:00,3350.43,3430.01,3297.17,3356.45,941507.45
2024-12-31 00:00:00,3356.45,3446.75,3310.44,3331.15,657646.83
2025-01-01 00:00:00,3331.15,3367.25,3307.9,3353.28,435980.05
2025-01-02 00:00:00,3353.28,3501.88,3347.42,3452.59,636086.97
2025-01-03 00:00:00,3452.59,3629.72,3420.39,3607.83,573464.49
2025-01-04 00:00:00,3607.83,3670.74,3571.37,3656.45,344694.11
2025-01-05 00:00:00,3656.45,3674.88,3593.38,3635.29,266362.47
2025-01-06 00:00:00,3635.29,3745.42,3610.01,3688.83,656886.99
2025-01-07 00:00:00,3688.83,3702.31,3355.66,3380.43,1018302.92
2025-01-08 00:00:00,3380.43,3414.51,3206.56,3326.54,1153190.37
2025-01-09 00:00:00,3326.54,3356.53,3157.37,3219.05,910975.51
2025-01-10 00:00:00,3219.05,3321.87,3194.45,3266.41,761483.53
2025-01-11 00:00:00,3266.41,3318.86,3217.1,3281.96,203414.68
2025-01-12 00:00:00,3281.96,3298.43,3223.43,3266.23,207030.12
2025-01-13 00:00:00,3266.23,3336.51,2914.43,3136.46,1280425.97
2025-01-14 00:00:00,3136.46,3256.06,3124.84,3224.35,620405.54
2025-01-15 00:00:00,3224.35,3474.83,3185.43,3451.52,648861.59
2025-01-16 00:00:00,3451.52,3460.18,3264.33,3307.52,676527.58
2025-01-17 00:00:00,3307.52,3526.53,3307.3,3475.27,665412.16
2025-01-18 00:00:00,3475.27,3495.59,3225.3,3304.42,692333.48
2025-01-19 00:00:00,3304.42,3445.08,3125.79,3210.82,1498939.76
2025-01-20 00:00:00,3210.82,3447.33,3139.52,3280.4,916417.88
2025-01-21 00:00:00,3280.4,3367.68,3201.27,3327.64,1285042.36
2025-01-22 00:00:00,3327.64,3365.8,3220.94,3241.51,789270.59
2025-01-23 00:00:00,3241.51,3349.16,3181.65,3338.7,1191552.39
2025-01-24 00:00:00,3338.7,3429.38,3275.03,3309.74,872425.0
2025-01-25 00:00:00,3309.74,3350.1,3268.95,3318.45,390644.39
2025-01-26 00:00:00,3318.45,3361.69,3228.27,3231.79,344823.13
2025-01-27 00:00:00,3231.79,3253.33,3019.62,3181.65,1946485.97
2025-01-28 00:00:00,3181.65,3223.46,3038.14,3075.83,810050.82
2025-01-29 00:00:00,3075.83,3181.8,3053.79,3114.1,979425.36
2025-01-30 00:00:00,3114.1,3283.81,3090.57,3247.4,663385.4
2025-01-31 00:00:00,3247.4,3438.39,3213.28,3300.04,942571.25
2025-02-01 00:00:00,3300.04,3330.53,3100.98,3116.61,641936.96
2025-02-02 00:00:00,3116.61,3162.42,2748.46,2869.16,1664866.72
2025-02-03 00:00:00,2869.16,2923.86,2135.28,2883.08,2309801.7
2025-02-04 00:00:00,2883.08,2891.59,2630.1,2732.09,2250660.33
2025-02-05 00:00:00,2732.09,2828.52,2699.66,2788.52,1561075.32
2025-02-06 00:00:00,2788.52,2859.03,2655.84,2686.96,1412060.12
2025-02-07 00:00:00,2686.96,2799.25,2562.54,2622.67,1450026.8
2025-02-08 00:00:00,2622.67,2668.42,2588.23,2632.76,745326.75
2025-02-09 00:00:00,2632.76,2697.47,2523.01,2627.84,706455.13
2025-02-10 00:00:00,2627.84,2694.65,2560.51,2661.94,819336.22
2025-02-11 00:00:00,2661.94,2725.63,2560.02,2602.22,811259.68
2025-02-12 00:00:00,2602.22,2796.27,2547.78,2738.57,1047046.99
2025-02-13 00:00:00,2738.57,2758.43,2613.47,2676.25,641770.87
2025-02-14 00:00:00,2676.25,2792.57,2665.32,2726.02,455393.53
2025-02-15 00:00:00,2726.02,2739.45,2669.92,2693.56,193220.8
2025-02-16 00:00:00,2693.56,2726.44,2652.48,2661.59,222344.21
2025-02-17 00:00:00,2661.59,2849.7,2638.4,2744.13,658802.74
2025-02-18 00:00:00,2744.13,2756.89,2604.91,2670.43,782871.53
2025-02-19 00:00:00,2670.43,2736.55,2655.15,2715.47,357866.03
2025-02-20 00:00:00,2715.47,2771.4,2707.57,2738.98,307273.65
2025-02-21 00:00:00,2738.98,2846.45,2614.91,2661.6,973132.84
2025-02-22 00:00:00,2661.6,2797.94,2652.29,2763.54,325917.91
2025-02-23 00:00:00,2763.54,2855.62,2745.76,2819.92,377823.95
2025-02-24 00:00:00,2819.92,2839.7,2472.67,2513.65,860333.28
2025-02-25 00:00:00,2513.65,2530.78,2321.8,2492.48,1322164.02
2025-02-26 00:00:00,2492.48,2504.36,2253.78,2333.12,953519.11
2025-02-27 00:00:00,2333.12,2379.42,2227.96,2305.51,755764.07
2025-02-28 00:00:00,2305.51,2312.03,2074.27,2236.53,1316509.15
2025-03-01 00:00:00,2236.53,2280.48,2142.32,2216.72,412403.61
2025-03-02 00:00:00,2216.72,2551.36,2172.23,2518.51,1112129.61
2025-03-03 00:00:00,2518.51,2523.92,2095.86,2147.5,1242863.16
2025-03-04 00:00:00,2147.5,2221.77,1992.64,2171.13,1580979.38
2025-03-05 00:00:00,2171.13,2272.97,2154.95,2241.7,645690.07
2025-03-06 00:00:00,2241.7,2319.94,2176.6,2202.6,553619.95
2025-03-07 00:00:00,2202.6,2258.09,2102.41,2140.93,913517.64
2025-03-08 00:00:00,2140.93,2234.23,2104.79,2203.24,276962.45
2025-03-09 00:00:00,2203.24,2211.63,1989.92,2020.01,551903.26
2025-03-10 00:00:00,2020.01,2152.22,1810.22,1864.38,1275432.63
2025-03-11 00:00:00,1864.38,1962.74,1754.47,1922.98,1202903.6
2025-03-12 00:00:00,1922.98,1956.11,1829.6,1907.9,815698.51
2025-03-13 00:00:00,1907.9,1920.23,1821.32,1863.87,607489.54
2025-03-14 00:00:00,1863.87,1945.8,1860.72,1911.53,346234.96
2025-03-15 00:00:00,1911.53,1957.41,1904.03,1937.46,143816.61
2025-03-16 00:00:00,1937.46,1940.83,1861.34,1886.94,236266.67
2025-03-17 00:00:00,1886.94,1952.31,1879.86,1926.41,284013.98
2025-03-18 00:00:00,1926.41,1935.75,1871.94,1931.53,296067.75
2025-03-19 00:00:00,1931.53,2070.73,1927.78,2056.92,557064.14
2025-03-20 00:00:00,2056.92,2068.27,1951.62,1982.66,340451.01
2025-03-21 00:00:00,1982.66,1995.28,1936.31,1965.08,253358.58
2025-03-22 00:00:00,1965.08,2005.7,1963.88,1980.4,115518.94
2025-03-23 00:00:00,1980.4,2020.18,1976.7,2006.05,151408.75
2025-03-24 00:00:00,2006.05,2103.99,1977.97,2081.53,387473.82
2025-03-25 00:00:00,2081.53,2097.85,2037.56,2066.62,274400.44
2025-03-26 00:00:00,2066.62,2079.18,1981.68,2009.64,331520.12
2025-03-27 00:00:00,2009.64,2037.52,1986.9,2003.3,272617.81
2025-03-28 00:00:00,2003.3,2015.61,1861.15,1896.15,579310.91
2025-03-29 00:00:00,1896.15,1912.48,1797.16,1827.68,370691.72
2025-03-30 00:00:00,1827.68,1848.29,1767.75,1807.48,340138.58
2025-03-31 00:00:00,1807.48,1853.97,1777.38,1822.14,504869.33
2025-04-01 00:00:00,1822.14,1927.88,1817.91,1905.23,448786.64
2025-04-02 00:00:00,1905.23,1955.36,1781.4,1794.63,681398.0
2025-04-03 00:00:00,1794.63,1844.85,1750.85,1816.31,536404.18
2025-04-04 00:00:00,1816.31,1835.41,1758.61,1816.25,606949.32
2025-04-05 00:00:00,1816.25,1826.56,1764.13,1805.19,153030.66
2025-04-06 00:00:00,1805.19,1816.3,1537.47,1579.65,836983.71
2025-04-07 00:00:00,1579.65,1632.05,1412.16,1552.42,1727049.97
2025-04-08 00:00:00,1552.42,1618.09,1445.86,1472.15,872998.71
2025-04-09 00:00:00,1472.15,1688.31,1384.7,1669.0,1364371.96
2025-04-10 00:00:00,1669.0,1669.34,1472.07,1521.51,854187.14
2025-04-11 00:00:00,1521.51,1590.22,1504.16,1566.02,572878.43
2025-04-12 00:00:00,1566.02,1668.92,1545.25,1643.84,376902.52
2025-04-13 00:00:00,1643.84,1649.32,1562.63,1597.18,510676.97
2025-04-14 00:00:00,1597.18,1691.0,1595.15,1623.79,576057.97
2025-04-15 00:00:00,1500.0,1520.0,1490.0,1510.0,1000000.0
2025-04-16 00:00:00,1510.0,1530.0,1500.0,1520.0,1100000.0
2025-04-17 00:00:00,1520.0,1540.0,1510.0,1530.0,1200000.0
2025-04-18 00:00:00,1583.68,1600.45,1573.8,1588.56,181077.59
2025-04-19 00:00:00,1588.56,1628.78,1585.02,1612.74,189936.64
2025-04-20 00:00:00,1612.74,1618.66,1565.79,1587.31,219107.56
2025-04-21 00:00:00,1587.31,1658.13,1564.65,1579.7,518764.88
2025-04-22 00:00:00,1579.7,1778.41,1539.87,1757.04,824531.74
2025-04-23 00:00:00,1757.04,1833.67,1746.08,1795.87,787466.37
2025-04-24 00:00:00,1795.87,1803.32,1723.07,1770.44,493136.05
2025-04-25 00:00:00,1770.44,1828.79,1739.84,1785.94,574947.84
2025-04-26 00:00:00,1785.94,1841.59,1780.01,1821.45,296814.99
2025-04-27 00:00:00,1821.45,1857.74,1783.01,1791.85,287345.16
2025-04-28 00:00:00,1791.85,1827.96,1745.4,1800.19,579690.15
2025-04-29 00:00:00,1800.19,1843.4,1780.77,1798.47,445834.21
2025-04-30 00:00:00,1798.47,1817.08,1732.54,1793.83,434187.94
2025-05-01 00:00:00,1793.83,1873.95,1792.84,1838.83,408309.83
2025-05-02 00:00:00,1838.83,1871.48,1813.65,1842.84,312353.27
2025-05-03 00:00:00,1842.84,1848.87,1810.54,1833.95,159325.43
2025-05-04 00:00:00,1833.95,1850.27,1803.35,1809.0,183495.56
2025-05-05 00:00:00,1809.0,1833.48,1782.21,1820.05,307724.7
2025-05-06 00:00:00,1820.05,1820.63,1751.42,1816.98,341452.01
2025-05-07 00:00:00,1816.98,1850.42,1787.31,1811.34,414598.63
2025-05-08 00:00:00,1811.34,2225.39,1808.97,2207.19,973009.58
2025-05-09 00:00:00,2207.19,2490.71,2184.12,2345.32,1127768.48
2025-05-10 00:00:00,2345.32,2600.37,2318.3,2583.77,729215.95
2025-05-11 00:00:00,2583.77,2607.64,2439.78,2514.75,602145.86
2025-05-12 00:00:00,2514.75,2624.32,2408.1,2495.56,814598.79
2025-05-13 00:00:00,2495.56,2739.27,2415.76,2680.04,728245.57
2025-05-14 00:00:00,2680.04,2725.04,2548.0,2610.07,588072.14
2025-05-15 00:00:00,2610.07,2646.75,2478.7,2549.0,598296.89
2025-05-16 00:00:00,2549.0,2649.18,2530.01,2537.78,460555.06
2025-05-17 00:00:00,2537.78,2538.25,2447.65,2476.16,357295.75
2025-05-18 00:00:00,2476.16,2587.97,2326.5,2498.72,537891.9
2025-05-19 00:00:00,2498.72,2547.45,2349.55,2528.66,710321.72
2025-05-20 00:00:00,2528.66,2588.36,2444.2,2525.1,445742.9
2025-05-21 00:00:00,2525.1,2617.03,2454.01,2552.21,710507.3
2025-05-22 00:00:00,2552.21,2692.69,2546.12,2665.1,577731.69
2025-05-23 00:00:00,2665.1,2733.44,2502.42,2526.9,647152.36
2025-05-24 00:00:00,2526.9,2576.3,2515.98,2530.92,182525.0
2025-05-25 00:00:00,2530.92,2555.0,2464.25,2552.23,235037.8
2025-05-26 00:00:00,2552.23,2600.15,2527.36,2564.47,230814.8
2025-05-27 00:00:00,2564.47,2713.33,2511.1,2662.0,484940.99
2025-05-28 00:00:00,2662.0,2689.79,2611.05,2682.1,364903.23
2025-05-29 00:00:00,2682.1,2788.28,2620.36,2631.82,525703.44
2025-05-30 00:00:00,2631.82,2649.44,2508.97,2531.79,418659.47
2025-05-31 00:00:00,2531.79,2551.37,2479.94,2529.32,198221.35
2025-06-01 00:00:00,2529.32,2549.01,2470.58,2540.45,203463.76
2025-06-02 00:00:00,2540.45,2616.44,2476.59,2609.07,349478.71
2025-06-03 00:00:00,2609.07,2657.23,2583.3,2594.88,409845.38
2025-06-04 00:00:00,2594.88,2680.55,2585.02,2608.28,326189.58
2025-06-05 00:00:00,2608.28,2641.72,2393.11,2415.85,532239.12
2025-06-06 00:00:00,2415.85,2532.69,2385.42,2478.31,349992.74
2025-06-07 00:00:00,2478.31,2543.98,2458.79,2526.17,142808.46
2025-06-08 00:00:00,2526.17,2549.53,2493.72,2510.78,125420.39
2025-06-09 00:00:00,2510.78,2695.13,2479.6,2681.27,315100.2
2025-06-10 00:00:00,2681.27,2826.68,2657.34,2816.15,608857.69
2025-06-11 00:00:00,2816.15,2879.79,2744.11,2772.57,460948.83
2025-06-12 00:00:00,2772.57,2785.3,2618.39,2644.51,429956.98
2025-06-13 00:00:00,2644.51,2646.56,2446.47,2580.25,708734.92
2025-06-14 00:00:00,2580.25,2580.87,2490.47,2532.75,217795.67
2025-06-15 00:00:00,2532.75,2560.57,2493.32,2548.41,180343.51
2025-06-16 00:00:00,2548.41,2681.43,2516.21,2545.23,480876.31
2025-06-17 00:00:00,2545.23,2619.34,2454.56,2510.96,483962.49
2025-06-18 00:00:00,2510.96,2548.88,2466.89,2525.85,350433.02
2025-06-19 00:00:00,2525.85,2547.93,2485.66,2521.84,188266.61
2025-06-20 00:00:00,2521.84,2569.74,2368.96,2407.22,385135.24
2025-06-21 00:00:00,2407.22,2449.16,2217.69,2296.94,299897.17
2025-06-22 00:00:00,2296.94,2314.86,2113.65,2228.57,672272.5
2025-06-23 00:00:00,2228.57,2439.75,2189.86,2413.17,670703.67
2025-06-24 00:00:00,2413.17,2483.31,2378.22,2449.69,481281.29
2025-06-25 00:00:00,2449.69,2469.72,2391.65,2420.23,396227.23
2025-06-26 00:00:00,2420.23,2521.41,2395.33,2417.5,382850.9
2025-06-27 00:00:00,2417.5,2464.25,2384.39,2424.42,301424.86
2025-06-28 00:00:00,2424.42,2449.0,2407.31,2437.55,90039.24
2025-06-29 00:00:00,2437.55,2525.9,2417.25,2501.26,143720.04
2025-06-30 00:00:00,2501.26,2524.69,2435.11,2486.37,347433.65
2025-07-01 00:00:00,2486.37,2501.58,2387.31,2405.7,257585.37
2025-07-02 00:00:00,2405.7,2619.85,2375.73,2571.33,446980.58
2025-07-03 00:00:00,2571.33,2636.51,2557.62,2592.04,381008.29
2025-07-04 00:00:00,2592.04,2603.8,2475.46,2508.69,260732.2
2025-07-05 00:00:00,2508.69,2530.4,2488.62,2517.09,97935.38
2025-07-06 00:00:00,2517.09,2605.48,2504.53,2571.14,164312.05
2025-07-07 00:00:00,2571.14,2591.09,2512.71,2542.5,283620.03
2025-07-08 00:00:00,2542.5,2628.25,2523.96,2616.29,302820.26
2025-07-09 00:00:00,2616.29,2796.41,2590.85,2769.99,520588.94
2025-07-10 00:00:00,2769.99,3000.74,2756.79,2951.31,615589.48
2025-07-11 00:00:00,2951.31,3039.9,2914.32,2959.03,663817.63
2025-07-12 00:00:00,2959.03,2980.71,2905.43,2944.27,234302.3
2025-07-13 00:00:00,2944.27,3021.17,2937.49,2973.01,258053.21
2025-07-14 00:00:00,2973.01,3083.04,2964.19,3014.66,572787.88
2025-07-15 00:00:00,3014.66,3144.48,2933.53,3139.33,615194.29
2025-07-16 00:00:00,3139.33,3425.33,3101.74,3373.1,765848.69
2025-07-17 00:00:00,3373.1,3526.44,3312.55,3479.48,758805.07
2025-07-18 00:00:00,3479.48,3676.78,3462.02,3549.56,867005.63
2025-07-19 00:00:00,3549.56,3610.57,3510.16,3594.34,274622.3
2025-07-20 00:00:00,3594.34,3825.1,3581.09,3758.64,484664.07
2025-07-21 00:00:00,3758.64,3859.77,3703.91,3764.26,591211.08
2025-07-22 00:00:00,3764.26,3800.87,3618.98,3748.64,634426.21
2025-07-23 00:00:00,3748.64,3766.35,3528.71,3630.21,616049.85
2025-07-24 00:00:00,3630.21,3775.3,3510.45,3708.76,631094.36
2025-07-25 00:00:00,3708.76,3750.35,3575.42,3726.01,646581.07
2025-07-26 00:00:00,3726.01,3794.86,3700.41,3742.79,209891.67
2025-07-27 00:00:00,3742.79,3880.83,3732.24,3874.12,257113.7
2025-07-28 00:00:00,3874.12,3941.6,3754.34,3798.95,515141.86
2025-07-29 00:00:00,3798.95,3885.97,3716.15,3793.46,474932.26
2025-07-30 00:00:00,3793.46,3833.7,3677.33,3810.29,417457.06
2025-07-31 00:00:00,3810.29,3878.33,3684.07,3698.19,372609.46
2025-08-01 00:00:00,3698.19,3723.77,3430.49,3487.02,667469.59
2025-08-02 00:00:00,3487.02,3536.9,3368.07,3393.4,433396.07
2025-08-03 00:00:00,3393.4,3522.08,3356.18,3497.6,243192.4
2025-08-04 00:00:00,3497.6,3737.28,3492.02,3720.93,410236.5
2025-08-05 00:00:00,3720.93,3721.28,3546.78,3611.81,436210.42
2025-08-06 00:00:00,3611.81,3699.86,3564.36,3684.11,364626.39
2025-08-07 00:00:00,3684.11,3928.73,3648.86,3911.67,511810.82
2025-08-08 00:00:00,3911.67,4071.18,3881.17,4010.54,707635.35
2025-08-09 00:00:00,4010.54,4326.47,4007.66,4262.92,515549.94
2025-08-10 00:00:00,4262.92,4333.21,4161.61,4252.23,399831.98
2025-08-11 00:00:00,4252.23,4363.0,4166.28,4224.95,722604.32
2025-08-12 00:00:00,4224.95,4637.79,4220.73,4589.8,883614.2
2025-08-13 00:00:00,4589.8,4786.25,4563.84,4751.85,899315.48
2025-08-14 00:00:00,4751.85,4792.0,4458.11,4550.57,1028521.34
2025-08-15 00:00:00,4550.57,4670.98,4370.37,4443.12,740013.35
2025-08-16 00:00:00,4443.12,4494.58,4376.38,4425.22,296821.85
2025-08-17 00:00:00,4425.22,4577.87,4398.69,4475.46,324508.23
2025-08-18 00:00:00,4475.46,4484.5,4227.39,4315.29,764040.79
2025-08-19 00:00:00,4315.29,4356.5,4067.28,4075.7,813137.39
2025-08-20 00:00:00,4075.7,4378.55,4063.26,4336.33,694993.05
2025-08-21 00:00:00,4336.33,4340.41,4204.16,4224.96,469293.34
2025-08-22 00:00:00,4224.96,4886.5,4207.73,4830.6,989885.74
2025-08-23 00:00:00,4830.6,4830.61,4661.09,4777.18,295407.96
2025-08-24 00:00:00,4777.18,4955.89,4711.99,4780.0,472306.39
2025-08-25 00:00:00,4780.0,4797.68,4336.8,4377.67,719329.67
2025-08-26 00:00:00,4377.67,4635.1,4313.23,4601.95,657604.45
2025-08-27 00:00:00,4601.95,4663.74,4482.76,4507.43,542344.09
2025-08-28 00:00:00,4507.43,4634.05,4430.54,4512.13,405886.84
2025-08-29 00:00:00,4512.13,4517.24,4270.22,4360.69,559078.07
2025-08-30 00:00:00,4360.69,4415.32,4258.66,4374.94,207915.53
2025-08-31 00:00:00,4374.94,4498.78,4373.77,4392.43,244059.4
2025-09-01 00:00:00,4392.43,4490.99,4212.31,4314.85,378772.51
2025-09-02 00:00:00,4314.85,4417.1,4257.73,4326.52,442799.2
2025-09-03 00:00:00,4326.52,4492.46,4283.79,4452.33,374258.75
2025-09-04 00:00:00,4452.33,4484.3,4266.19,4298.54,434003.76
2025-09-05 00:00:00,4298.54,4487.87,4255.43,4307.57,560382.08
2025-09-06 00:00:00,4307.57,4328.68,4239.48,4274.53,154716.57
2025-09-07 00:00:00,4274.53,4335.97,4271.42,4306.18,122895.02
2025-09-08 00:00:00,4306.18,4384.03,4279.43,4306.62,327423.71
2025-09-09 00:00:00,4306.62,4382.05,4277.07,4310.1,285686.32
2025-09-10 00:00:00,4310.1,4454.16,4284.83,4350.1,389014.12
2025-09-11 00:00:00,4350.1,4480.11,4339.91,4461.11,394484.95
2025-09-12 00:00:00,4461.11,4746.46,4452.72,4715.14,480147.24
2025-09-13 00:00:00,4715.14,4767.44,4608.13,4669.05,250105.34
2025-09-14 00:00:00,4669.05,4694.21,4580.28,4606.66,177269.21
2025-09-15 00:00:00,4606.66,4672.07,4466.48,4525.27,328421.64
2025-09-16 00:00:00,4525.27,4539.27,4425.47,4503.26,319367.04
2025-09-17 00:00:00,4503.26,4618.97,4426.97,4592.35,477874.08
2025-09-18 00:00:00,4592.35,4646.7,4555.5,4589.64,320178.33
2025-09-19 00:00:00,4589.64,4622.36,4438.71,4471.56,274141.58
2025-09-20 00:00:00,4471.56,4511.93,4457.46,4482.83,108057.23
2025-09-21 00:00:00,4482.83,4500.73,4446.23,4447.53,119005.03
2025-09-22 00:00:00,4447.53,4458.09,4081.71,4202.86,655171.06
2025-09-23 00:00:00,4202.86,4231.67,4118.33,4165.7,342361.73
2025-09-24 00:00:00,4165.7,4208.71,4078.05,4154.6,298779.55
2025-09-25 00:00:00,4154.6,4162.96,3825.56,3876.07,870606.23
2025-09-26 00:00:00,3876.07,4071.6,3870.18,4034.83,540299.98
2025-09-27 00:00:00,4034.83,4040.36,3975.23,4020.82,151363.85
2025-09-28 00:00:00,4020.82,4146.51,3968.12,4143.89,229154.08
2025-09-29 00:00:00,4143.89,4238.84,4084.79,4218.07,347386.65
2025-09-30 00:00:00,4218.07,4247.85,4093.58,4146.38,381756.96
2025-10-01 00:00:00,4146.38,4357.3,4124.52,4350.53,428371.41
2025-10-02 00:00:00,4350.53,4520.76,4335.44,4487.89,428025.13
2025-10-03 00:00:00,4487.89,4595.84,4431.28,4516.0,503658.28
2025-10-04 00:00:00,4516.0,4521.67,4443.4,4489.84,155892.88
2025-10-05 00:00:00,4489.84,4619.69,4470.16,4515.92,277215.49
2025-10-06 00:00:00,4515.92,4738.74,4490.67,4686.54,436126.64
2025-10-07 00:00:00,4686.54,4758.41,4436.69,4449.96,519272.35
2025-10-08 00:00:00,4449.96,4559.45,4414.08,4527.74,379989.45
2025-10-09 00:00:00,4527.74,4533.06,4268.77,4370.91,424167.2
2025-10-10 00:00:00,4370.91,4396.85,3546.88,3837.92,1035261.23
2025-10-11 00:00:00,3837.92,3887.79,3649.67,3750.88,609573.63
2025-10-12 00:00:00,3750.88,4197.03,3699.12,4156.86,632948.7
2025-10-13 00:00:00,4156.86,4295.78,4049.31,4245.01,522287.23
2025-10-14 00:00:00,4245.01,4267.52,3893.32,4127.37,762618.2
2025-10-15 00:00:00,4127.37,4216.97,3930.88,3988.16,492129.66
2025-10-16 00:00:00,3988.16,4087.09,3827.48,3895.41,525878.7
2025-10-17 00:00:00,3895.41,3951.67,3675.48,3833.18,581416.58
2025-10-18 00:00:00,3833.18,3929.67,3821.13,3890.7,149307.74
2025-10-19 00:00:00,3890.7,4032.84,3832.04,3984.9,275418.6
2025-10-20 00:00:00,3984.9,4086.91,3910.3,3981.1,313440.62
2025-10-21 00:00:00,3981.1,4112.85,3841.96,3875.11,489121.47
2025-10-22 00:00:00,3875.11,3891.65,3714.57,3806.62,453848.51
2025-10-23 00:00:00,3806.62,3934.88,3797.51,3858.38,302256.51
2025-10-24 00:00:00,3858.38,4012.66,3847.66,3936.24,325778.11
2025-10-25 00:00:00,3936.24,3970.14,3913.55,3954.72,86620.3
2025-10-26 00:00:00,3954.72,4180.22,3921.84,4160.2,211051.12
2025-10-27 00:00:00,4160.2,4253.83,4098.24,4121.47,349734.31
2025-10-28 00:00:00,4121.47,4177.44,3937.23,3981.51,354451.4
2025-10-29 00:00:00,3981.51,4037.69,3845.18,3904.34,391770.54
2025-10-30 00:00:00,3904.34,3949.72,3679.07,3804.35,450911.51
2025-10-31 00:00:00,3804.35,3902.74,3796.5,3846.74,347680.26
2025-11-01 00:00:00,3846.74,3908.1,3830.25,3872.94,92938.28
2025-11-02 00:00:00,3872.94,3917.19,3839.21,3906.69,123481.6
2025-11-03 00:00:00,3906.69,3914.17,3558.9,3603.83,527763.13
2025-11-04 00:00:00,3603.83,3653.7,3059.69,3286.89,922809.05
2025-11-05 00:00:00,3286.89,3480.7,3166.57,3424.12,601967.94
2025-11-06 00:00:00,3424.12,3455.75,3244.24,3313.99,531423.26
2025-11-07 00:00:00,3313.99,3472.17,3192.39,3434.31,609894.65
2025-11-08 00:00:00,3434.31,3484.72,3355.6,3400.93,239704.67
2025-11-09 00:00:00,3400.93,3616.83,3358.13,3583.12,276739.56
2025-11-10 00:00:00,3583.12,3658.51,3506.61,3566.73,387505.32
2025-11-11 00:00:00,3566.73,3647.24,3404.47,3416.51,412285.7
2025-11-12 00:00:00,3416.51,3588.2,3372.07,3414.45,417826.47
2025-11-13 00:00:00,3414.45,3564.69,3152.46,3230.03,643633.72
2025-11-14 00:00:00,3230.03,3254.91,3068.65,3110.38,769889.13
2025-11-15 00:00:00,3110.38,3228.72,3109.04,3166.61,208908.02
2025-11-16 00:00:00,3166.61,3246.69,3005.71,3093.43,396736.11
2025-11-17 00:00:00,3093.43,3220.95,2956.19,3028.29,638118.66
2025-11-18 00:00:00,3028.29,3168.93,2944.28,3122.36,642477.57
2025-11-19 00:00:00,3122.36,3123.8,2869.86,3023.23,716860.75
2025-11-20 00:00:00,3023.23,3061.03,2790.82,2830.93,677732.36
2025-11-21 00:00:00,2830.93,2883.0,2621.04,2764.76,947834.61
2025-11-22 00:00:00,2764.76,2797.53,2703.36,2768.91,279572.98
2025-11-23 00:00:00,2768.91,2857.36,2767.08,2801.51,302534.98
2025-11-24 00:00:00,2801.51,2985.56,2762.56,2953.06,538896.8
2025-11-25 00:00:00,2953.06,2979.32,2856.41,2958.83,419725.74
2025-11-26 00:00:00,2958.83,3044.7,2888.34,3026.9,342837.75
2025-11-27 00:00:00,3026.9,3071.42,2986.2,3015.29,223541.0
2025-11-28 00:00:00,3015.29,3099.12,2994.36,3032.2,362010.84
2025-11-29 00:00:00,3032.2,3053.61,2963.93,2990.56,168185.06
2025-11-30 00:00:00,2990.56,3053.18,2977.2,2992.33,142574.9
2025-12-01 00:00:00,2992.33,2999.78,2719.25,2799.09,618560.27
2025-12-02 00:00:00,2799.09,3034.49,2782.82,2997.13,431275.11
2025-12-03 00:00:00,2997.13,3214.91,2986.76,3189.79,487337.04
2025-12-04 00:00:00,3189.79,3240.86,3068.01,3134.24,429255.78
2025-12-05 00:00:00,3134.24,3194.05,2985.35,3022.97,460726.12
2025-12-06 00:00:00,3022.97,3069.57,3013.67,3039.34,128430.19
2025-12-07 00:00:00,3039.34,3150.32,2927.53,3060.97,289834.32
2025-12-08 00:00:00,3060.97,3180.43,3041.49,3124.9,392727.58
2025-12-09 00:00:00,3124.9,3397.57,3091.48,3319.05,454123.63
2025-12-10 00:00:00,3319.05,3455.03,3289.48,3325.03,438617.4
2025-12-11 00:00:00,3325.03,3328.17,3145.8,3238.0,471268.76
2025-12-12 00:00:00,3238.0,3266.72,3047.32,3084.93,378598.72
2025-12-13 00:00:00,3084.93,3135.66,3079.17,3115.34,104785.51
2025-12-14 00:00:00,3115.34,3130.29,3032.2,3063.14,223200.69
2025-12-15 00:00:00,3063.14,3177.48,2897.7,2964.4,537515.46
2025-12-16 00:00:00,2964.4,2981.74,2883.01,2962.09,399502.72
2025-12-17 00:00:00,2962.09,3029.39,2790.23,2832.59,507718.36
2025-12-18 00:00:00,2832.59,2995.81,2774.49,2826.97,544644.77
2025-12-19 00:00:00,2826.97,3017.52,2807.33,2978.23,435239.29
2025-12-20 00:00:00,2978.23,2992.74,2965.84,2977.06,77247.62
2025-12-21 00:00:00,2977.06,3011.98,2943.33,3001.6,158276.59
2025-12-22 00:00:00,3001.6,3072.82,2963.09,3007.85,357283.78
2025-12-23 00:00:00,3007.85,3034.05,2900.88,2963.44,298186.85
2025-12-24 00:00:00,2963.44,2976.44,2887.54,2945.71,218560.98
2025-12-25 00:00:00,2945.71,2969.35,2889.78,2902.63,117810.65
2025-12-26 00:00:00,2902.63,2991.78,2893.1,2926.05,236242.25
2025-12-27 00:00:00,2926.05,2958.32,2916.14,2947.05,55926.5
2025-12-28 00:00:00,2947.05,2958.8,2924.11,2949.22,75519.04
2025-12-29 00:00:00,2949.22,3054.67,2907.74,2935.12,333303.48
2025-12-30 00:00:00,2935.12,3005.99,2916.17,2970.74,296798.58
2025-12-31 00:00:00,2970.74,3022.21,2958.06,2967.53,209517.67
2026-01-01 00:00:00,2967.53,3006.64,2967.24,3000.79,84300.66
2026-01-02 00:00:00,3000.79,3148.96,2989.48,3124.71,401338.33
2026-01-03 00:00:00,3124.71,3135.41,3075.11,3125.76,106082.85
2026-01-04 00:00:00,3125.76,3165.14,3117.97,3143.48,131284.09
2026-01-05 00:00:00,3143.48,3264.46,3133.51,3225.24,354627.51
2026-01-06 00:00:00,3225.24,3307.1,3182.07,3295.76,343188.62
2026-01-07 00:00:00,3295.76,3295.84,3122.84,3166.02,340879.08
2026-01-08 00:00:00,3166.02,3181.71,3051.18,3104.3,359128.84
2026-01-09 00:00:00,3104.3,3144.74,3055.98,3084.5,354709.63
2026-01-10 00:00:00,3084.5,3100.3,3074.7,3082.33,88178.8
2026-01-11 00:00:00,3082.33,3142.57,3080.49,3118.82,149521.65
2026-01-12 00:00:00,3118.82,3167.25,3064.88,3092.18,336848.09
2026-01-13 00:00:00,3092.18,3365.91,3088.62,3323.52,435256.27
2026-01-14 00:00:00,3323.52,3403.48,3279.3,3354.93,495275.18
2026-01-15 00:00:00,3354.93,3383.92,3273.06,3318.3,385927.17
2026-01-16 00:00:00,3318.3,3326.53,3251.49,3295.3,261517.15
2026-01-17 00:00:00,3295.3,3328.93,3282.92,3309.35,82754.38
2026-01-18 00:00:00,3309.35,3367.68,3277.73,3282.7,120960.67
2026-01-19 00:00:00,3282.7,3283.02,3164.06,3187.63,288416.21
2026-01-20 00:00:00,3187.63,3198.49,2921.52,2936.9,459331.97
2026-01-21 00:00:00,2936.9,3066.66,2864.73,2979.98,548463.1
2026-01-22 00:00:00,2979.98,3035.78,2903.71,2950.0,350256.95
2026-01-23 00:00:00,2950.0,3015.72,2888.95,2953.29,344767.68
2026-01-24 00:00:00,2953.29,2966.45,2940.33,2949.21,77734.36
2026-01-25 00:00:00,2949.21,2955.9,2784.41,2814.6,317082.64
2026-01-26 00:00:00,2814.6,2948.79,2810.11,2927.58,434223.78
2026-01-27 00:00:00,2927.58,3031.7,2896.66,3022.49,373716.98
2026-01-28 00:00:00,3022.49,3041.74,2979.56,3006.86,346913.86
2026-01-29 00:00:00,3006.86,3009.4,2751.24,2818.39,510692.49
2026-01-30 00:00:00,2818.39,2824.53,2633.69,2703.23,681864.56
2026-01-31 00:00:00,2703.23,2710.66,2257.22,2449.81,795670.51
2026-02-01 00:00:00,2449.81,2474.12,2220.08,2268.58,620038.13
2026-02-02 00:00:00,2268.58,2395.24,2156.49,2345.4,914516.95
2026-02-03 00:00:00,2345.4,2358.01,2108.99,2231.09,959066.47
2026-02-04 00:00:00,2231.09,2292.93,2073.18,2144.01,902089.97
2026-02-05 00:00:00,2144.01,2168.74,1814.44,1823.7,1334951.92
2026-02-06 00:00:00,1823.7,2092.37,1746.93,2062.31,1145227.01
2026-02-07 00:00:00,2062.31,2117.93,1994.11,2086.62,610460.66
2026-02-08 00:00:00,2086.62,2150.16,2065.16,2088.82,340928.11
2026-02-09 00:00:00,2088.82,2146.36,2007.58,2103.99,620294.6
2026-02-10 00:00:00,2103.99,2123.31,1988.99,2021.87,539042.38
2026-02-11 00:00:00,2021.87,2031.2,1902.23,1940.31,628374.12
2026-02-12 00:00:00,1940.31,2000.24,1896.08,1946.28,511813.14
2026-02-13 00:00:00,1946.28,2071.85,1923.53,2047.65,518703.16
2026-02-14 00:00:00,2047.65,2105.12,2041.5,2085.7,205982.53
2026-02-15 00:00:00,2085.7,2102.14,1928.3,1965.61,399208.72
2026-02-16 00:00:00,1965.61,2022.36,1937.53,1997.49,334570.24
2026-02-17 00:00:00,1997.49,2015.14,1940.58,1990.97,464491.01
2026-02-18 00:00:00,1990.97,2038.21,1923.04,1955.27,466674.13
2026-02-19 00:00:00,1955.27,1986.78,1906.13,1948.29,401068.93
2026-02-20 00:00:00,1948.29,1980.82,1922.61,1968.32,457031.15
2026-02-21 00:00:00,1968.32,1995.12,1955.37,1973.16,146498.88
2026-02-22 00:00:00,1973.16,1982.67,1934.5,1957.22,148845.75
2026-02-23 00:00:00,1957.22,1957.66,1837.27,1855.64,518519.8
2026-02-24 00:00:00,1855.64,1868.79,1803.75,1852.05,553301.34
2026-02-25 00:00:00,1852.05,2146.94,1846.76,2057.64,800191.02
2026-02-26 00:00:00,2057.64,2083.49,1975.58,2027.89,596748.42
2026-02-27 00:00:00,2027.89,2063.72,1887.73,1929.59,606654.34
2026-02-28 00:00:00,1929.59,1984.96,1835.72,1964.82,505157.45
2026-03-01 00:00:00,1964.82,2054.59,1908.04,1939.67,459763.6
2026-03-02 00:00:00,1939.67,2089.55,1920.48,2027.46,699354.47
2026-03-03 00:00:00,2027.46,2041.63,1928.55,1982.88,659489.07
2026-03-04 00:00:00,1982.88,2199.59,1944.91,2127.79,763070.78
2026-03-05 00:00:00,2127.79,2164.17,2054.85,2073.07,557467.46
2026-03-06 00:00:00,2073.07,2093.59,1955.69,1978.55,552707.45
2026-03-07 00:00:00,1978.55,1996.09,1948.52,1969.49,172790.21
2026-03-08 00:00:00,1969.49,1984.89,1912.58,1936.97,358702.67
2026-03-09 00:00:00,1936.97,2053.64,1929.69,1993.58,618427.22
2026-03-10 00:00:00,1993.58,2088.4,1991.24,2036.9,527995.89
2026-03-11 00:00:00,2036.9,2086.06,2007.41,2052.28,462249.58
2026-03-12 00:00:00,2052.28,2094.84,2018.22,2073.57,428350.32
2026-03-13 00:00:00,2073.57,2210.39,2070.27,2092.74,626102.79
2026-03-14 00:00:00,2092.74,2106.0,2062.13,2096.74,139222.94
2026-03-15 00:00:00,2096.74,2203.02,2083.93,2178.65,261557.45
2026-03-16 00:00:00,2178.65,2385.62,2165.55,2352.75,668418.84
2026-03-17 00:00:00,2352.75,2376.84,2296.66,2318.1,523147.37
2026-03-18 00:00:00,2318.1,2350.94,2153.29,2203.67,525227.77
2026-03-19 00:00:00,2203.67,2233.87,2099.17,2137.97,517619.3
2026-03-20 00:00:00,2137.97,2176.7,2116.6,2145.95,435461.15
2026-03-21 00:00:00,2145.95,2167.69,2070.7,2084.73,117130.44
2026-03-22 00:00:00,2084.73,2126.42,2025.83,2053.62,283617.12
2026-03-23 00:00:00,2053.62,2197.41,2022.75,2151.6,641376.09
2026-03-24 00:00:00,2151.6,2175.26,2102.08,2155.58,469634.6
2026-03-25 00:00:00,2155.58,2199.18,2145.79,2168.09,426486.4
2026-03-26 00:00:00,2168.09,2171.3,2032.94,2059.06,444241.0
2026-03-27 00:00:00,2059.06,2076.1,1970.71,1991.6,438050.45
2026-03-28 00:00:00,1991.6,2040.58,1981.73,1993.39,149465.99
2026-03-29 00:00:00,1993.39,2017.85,1937.56,1983.12,188340.55
2026-03-30 00:00:00,1983.12,2082.86,1978.86,2024.89,483049.87
2026-03-31 00:00:00,2024.89,2121.21,2010.79,2104.02,553311.09
2026-04-01 00:00:00,2104.02,2167.58,2081.04,2140.1,404943.65
2026-04-02 00:00:00,2140.1,2159.2,2016.39,2056.85,465913.97
2026-04-03 00:00:00,2056.85,2079.67,2040.92,2053.48,186064.99
2026-04-04 00:00:00,2053.48,2083.31,2044.33,2065.29,94578.26
2026-04-05 00:00:00,2065.29,2121.73,2021.83,2109.27,183327.45
2026-04-06 00:00:00,2109.27,2174.11,2088.14,2107.32,461931.12
2026-04-07 00:00:00,2107.32,2273.08,2060.09,2239.84,598808.15
2026-04-08 00:00:00,2239.84,2271.08,2180.12,2190.3,480908.94
2026-04-09 00:00:00,2190.3,2245.08,2157.06,2190.18,442074.24
2026-04-10 00:00:00,2190.18,2268.81,2176.39,2246.18,420535.95
2026-04-11 00:00:00,2246.18,2330.6,2230.13,2285.83,189113.72
2026-04-12 00:00:00,2285.83,2289.39,2175.93,2191.8,243684.58
2026-04-13 00:00:00,2191.8,2395.0,2175.2,2370.21,530150.75
2026-04-14 00:00:00,2370.21,2416.93,2304.51,2323.48,456657.16
2026-04-15 00:00:00,2323.48,2386.98,2309.2,2360.57,366654.61
2026-04-16 00:00:00,2360.57,2367.524406606049,2325.8799196697246,2332.752373575803,366654.61
2026-04-17 00:00:00,2332.752373575803,2360.6843285347377,2327.176644241195,2355.0552909142352,366654.61
2026-04-18 00:00:00,2355.0552909142352,2360.544059925692,2353.957946160687,2359.4446699284285,366654.61
2026-04-19 00:00:00,2359.4446699284285,2365.8851892993657,2327.312395197073,2333.68259244468,366654.61
2026-04-20 00:00:00,2333.68259244468,2339.726737176836,2303.524485157973,2309.506013516057,366654.61
2026-04-21 00:00:00,2309.506013516057,2339.695917170939,2303.480608808413,2333.6076323466323,366654.61
2026-04-22 00:00:00,2333.6076323466323,2414.174104881187,2317.582376233132,2397.708656800633,366654.61
2026-04-23 00:00:00,2397.708656800633,2418.4988575500865,2294.478728895467,2314.547853802821,366654.61
2026-04-24 00:00:00,2314.547853802821,2316.3362431519818,2305.611434419885,2307.3942964061803,366654.61
2026-04-25 00:00:00,2307.3942964061803,2319.933720769236,2304.8885883865464,2317.417128484716,366654.61
2026-04-26 00:00:00,2317.417128484716,2336.7790006685623,2313.549916804705,2332.885975204759,366654.61
2026-04-27 00:00:00,2332.885975204759,2395.226541157375,2320.470719658176,2382.546997391092,366654.61
2026-04-28 00:00:00,2382.546997391092,2405.9638548899766,2266.3833200096706,2288.879567395556,366654.61
2026-04-29 00:00:00,2288.879567395556,2337.20318752328,2279.24727185379,2327.4087495626195,366654.61
2026-04-30 00:00:00,2327.4087495626195,2343.647280605713,2246.6692848586795,2262.454625390245,366654.61
2026-05-01 00:00:00,2262.454625390245,2283.1998424309845,2258.311651225559,2279.026522048988,366654.61
2026-05-02 00:00:00,2279.026522048988,2305.700843747713,2273.701610968756,2300.3261663699177,366654.61
2026-05-03 00:00:00,2300.3261663699177,2301.297988874808,2300.131815005321,2301.103571828303,366654.61
2026-05-04 00:00:00,2301.103571828303,2413.187860527592,2278.85874710188,2390.0828707339947,366654.61
2026-05-05 00:00:00,2390.0828707339947,2395.5112474065263,2362.990303273576,2368.369364043868,366654.61
2026-05-06 00:00:00,2368.369364043868,2397.741952364185,2362.5064572969345,2391.8209910316027,366654.61
2026-05-07 00:00:00,2391.8209910316027,2408.130795172704,2310.716835911135,2326.581774467197,366654.61
2026-05-08 00:00:00,2326.581774467197,2336.370997127616,2277.800415967787,2287.4248838255216,366654.61
2026-05-09 00:00:00,2287.4248838255216,2318.0711811425103,2281.308707236698,2311.8895901808164,366654.61
2026-05-10 00:00:00,2311.8895901808164,2331.965189537707,2307.8800333936606,2327.9278173294383,366654.61
2026-05-11 00:00:00,2327.9278173294383,2331.018885870149,2327.309734905739,2330.4001470242365,366654.61
2026-05-12 00:00:00,2330.4001470242365,2335.318039566873,2305.852197640156,2310.7285768536904,366654.61
2026-05-13 00:00:00,2310.7285768536904,2311.850638300388,2305.120449057293,2306.2403310669024,366654.61
2026-05-14 00:00:00,2306.2403310669024,2316.412022333715,2255.5613240327834,2265.553565999653,366654.61
2026-05-15 00:00:00,2265.553565999653,2275.027134593033,2263.660118247739,2273.1273570073104,366654.61
2026-05-16 00:00:00,2273.1273570073104,2285.304654018716,2212.501810365454,2224.4181689616894,366654.61
2026-05-17 00:00:00,2224.4181689616894,2233.86212358329,2177.3587762716097,2186.642350475285,366654.61
2026-05-18 00:00:00,2186.642350475285,2202.560794222657,2107.513667718664,2122.968575485799,366654.61
2026-05-19 00:00:00,2122.968575485799,2134.3696582084017,2120.6903148709102,2132.0816179453554,366654.61
2026-05-20 00:00:00,2132.0816179453554,2133.389978133196,2125.5430285274515,2126.848177193994,366654.61
2026-05-21 00:00:00,2126.848177193994,2147.872479941948,2122.649946226504,2143.6411010639567,366654.61
2026-05-22 00:00:00,2143.6411010639567,2147.605117589849,2123.8503394379204,2127.7850349603864,366654.61
2026-05-23 00:00:00,2127.7850349603864,2152.3830876120323,2005.9322253157725,2029.3928243538028,366654.61
2026-05-24 00:00:00,2029.3928243538028,2141.518992623309,2007.162404270212,2118.314504688167,366654.61
2026-05-25 00:00:00,2118.314504688167,2122.0937280061603,2099.4453577079653,2103.1976114161944,366654.61
2026-05-26 00:00:00,2103.1976114161944,2131.796413049862,2097.490241393595,2126.027091506592,366654.61
2026-05-27 00:00:00,2126.027091506592,2139.8253777760256,2057.393873288001,2070.833946428856,366654.61
2026-05-28 00:00:00,2070.833946428856,2091.5056327720454,1968.3009186367888,1988.1472010560992,366654.61
2026-05-29 00:00:00,1988.1472010560992,2014.375730335915,1982.9125212940576,2009.0859201042647,366654.61
2026-05-30 00:00:00,2009.0859201042647,2016.4951360242865,2007.604950261377,2015.009799475816,366654.61
2026-05-31 00:00:00,2015.009799475816,2026.2194367129723,2012.7698640031824,2023.969541366352,366654.61
2026-06-01 00:00:00,2023.969541366352,2030.461838445776,1991.5913574626663,1998.0003530486524,366654.61
2026-06-02 00:00:00,1998.0003530486524,1998.8928815957863,1993.5393051219253,1994.430238860117,366654.61
2026-06-03 00:00:00,1994.430238860117,2022.5222527847395,1855.5528994442884,1882.0621831616268,366654.61
2026-06-04 00:00:00,1882.0621831616268,1918.720305234476,1701.6276270254082,1735.429694870229,366654.61
2026-06-05 00:00:00,1735.429694870229,1748.338502248855,1671.269741085576,1683.7944653557229,366654.61
2026-06-06 00:00:00,1683.7944653557229,1713.3176365602671,1538.2492127371722,1565.701780537545,366654.61
2026-06-07 00:00:00,1565.701780537545,1641.693999415499,1550.61956488751,1626.0306431376848,366654.61
2026-06-08 00:00:00,1626.0306431376848,1668.6212458599844,1617.5479248824993,1659.9615161584263,366654.61
2026-06-09 00:00:00,1659.9615161584263,1693.0325495546597,1653.3682598581945,1686.3345413593563,366654.61
2026-06-10 00:00:00,1686.3345413593563,1698.4594078424973,1626.0589235874638,1637.8350754267938,366654.61
2026-06-11 00:00:00,1637.8350754267938,1659.4202006079645,1633.5271152937537,1655.0669159589547,366654.61
2026-06-12 00:00:00,1655.0669159589547,1677.9416639582653,1650.5020387513175,1673.3264247895022,366654.61
2026-06-13 00:00:00,1673.3264247895022,1673.467810542951,1672.6195438071522,1672.7608817757075,366654.61
2026-06-14 00:00:00,1672.7608817757075,1672.857970346975,1672.2754614598086,1672.3725274906385,366654.61
2026-06-15 00:00:00,1672.3725274906385,1728.2991457226383,1661.246420439147,1716.876955696603,366654.61
2026-06-16 00:00:00,1716.876955696603,1772.782909441692,1705.7534198883047,1761.3710989297974,366654.61
2026-06-17 00:00:00,1761.3710989297974,1767.5841874010712,1760.129181761742,1766.3387676020184,366654.61
2026-06-18 00:00:00,1766.3387676020184,1775.2968489658658,1721.7300863343976,1730.506442146628,366654.61
2026-06-19 00:00:00,1730.506442146628,1741.2369266723022,1677.1201688843648,1687.5845040439312,366654.61
2026-06-20 00:00:00,1687.5845040439312,1716.1432680699618,1681.888133526012,1710.3699861156083,366654.61
2026-06-21 00:00:00,1710.3699861156083,1735.5855982792718,1705.338703835166,1730.4951152373778,366654.61
2026-06-22 00:00:00,1730.4951152373778,1751.5871868670297,1726.2848955372592,1747.3359940378516,366654.61
2026-06-23 00:00:00,1747.3359940378516,1771.4533929276129,1628.0805097993143,1650.8663984788068,366654.61
2026-06-24 00:00:00,1650.8663984788068,1664.7093213524397,1648.101518413075,1661.9259187417338,366654.61
2026-06-25 00:00:00,1661.9259187417338,1669.4776991731617,1624.3042775468102,1631.7187970160223,366654.61
2026-06-26 00:00:00,1631.7187970160223,1651.1237897777098,1535.6169181037567,1554.0988259692726,366654.61
2026-06-27 00:00:00,1554.0988259692726,1588.9156967763652,1547.1602348120966,1581.8531905979771,366654.61
2026-06-28 00:00:00,1581.8531905979771,1584.347570689011,1569.397023415846,1571.8756702338417,366654.61
2026-06-29 00:00:00,1571.8756702338417,1572.821783024887,1571.6864658950287,1572.6324875890934,366654.61
2026-06-30 00:00:00,1572.6324875890934,1586.0311813181495,1569.9563919007362,1583.336870342522,366654.61
2026-07-01 00:00:00,1583.336870342522,1600.7525935847038,1579.859834201027,1597.245014908501,366654.61
2026-07-02 00:00:00,1597.245014908501,1656.3410211986973,1585.4949645606296,1644.2452162999866,366654.61
2026-07-03 00:00:00,1644.2452162999866,1768.1529600146894,1619.7554720007608,1742.2041934968895,366654.61
2026-07-04 00:00:00,1742.2041934968895,1762.5623885290452,1738.1401386951084,1758.4604127040143,366654.61
2026-07-05 00:00:00,1758.4604127040143,1784.8708716855383,1753.190953413288,1779.538249866919,366654.61
2026-07-06 00:00:00,1783.002685546875,1829.513671875,1728.9652099609375,1797.57373046875,16997487730.0
2026-07-07 00:00:00,1797.562255859375,1810.329833984375,1756.712646484375,1768.511474609375,9901110376.0
2026-07-08 00:00:00,1768.3896484375,1782.8583984375,1711.9000244140625,1742.6776123046875,10110272581.0
2026-07-09 00:00:00,1742.664794921875,1760.206298828125,1721.298583984375,1744.484619140625,7763668656.0
2026-07-10 00:00:00,1744.47314453125,1809.75830078125,1736.72314453125,1795.6932373046875,9431692646.0
2026-07-11 00:00:00,1795.8193359375,1827.83154296875,1786.295654296875,1788.099609375,6901680020.0
2026-07-12 00:00:00,1787.568359375,1824.98046875,1779.6370849609375,1805.7880859375,6064480351.0
2026-07-13 00:00:00,1805.7579345703125,1842.455078125,1749.3475341796875,1773.500732421875,11436340419.0
2026-07-14 00:00:00,1773.471435546875,1894.062255859375,1772.0177001953125,1889.4798583984373,13835437084.0
2026-07-15 00:00:00,1889.5008544921875,1944.1607666015625,1863.635498046875,1916.9437255859373,12684088080.0
2026-07-16 00:00:00,1916.9781494140625,1927.0859375,1856.775634765625,1863.193359375,11412820341.0
2026-07-17 00:00:00,1863.21630859375,1869.067138671875,1803.053955078125,1840.9881591796875,10651207679.0
2026-07-18 00:00:00,1841.1021728515625,1864.1319580078125,1836.6085205078125,1861.39208984375,4754880124.0
2026-07-19 00:00:00,1861.419921875,1877.0318603515625,1852.7275390625,1871.508544921875,7004738486.0
2026-07-20 00:00:00,1871.2757568359373,1916.24169921875,1842.815673828125,1903.7589111328125,12042633315.0
2026-07-21 00:00:00,1903.689697265625,1949.5477294921875,1900.066162109375,1928.3837890625,12526770542.0
2026-07-22 00:00:00,1928.1976318359373,1955.1474609375,1909.610107421875,1933.4901123046875,10800957306.0
2026-07-23 00:00:00,1933.470947265625,1940.2828369140625,1868.5203857421875,1877.1002197265625,9768559906.0
2026-07-24 00:00:00,1877.09765625,1907.5435791015625,1846.822265625,1860.1767578125,9056489653.0
2026-07-25 00:00:00,1860.1756591796875,1875.144775390625,1849.828857421875,1873.222412109375,4367514252.0
2026-07-26 00:00:00,1873.235595703125,1963.2459716796875,1872.3848876953125,1953.4112548828125,6638236222.0
2026-07-27 00:00:00,1953.4053955078125,1976.460205078125,1882.4197998046875,1890.613525390625,13679804759.0
2026-07-28 00:00:00,1890.634521484375,1926.5040283203125,1856.341552734375,1919.948486328125,11476069704.0
2026-07-29 00:00:00,1919.9915771484373,1929.90087890625,1873.6192626953125,1908.51904296875,12003429702.0
2026-07-30 00:00:00,1908.5860595703125,1934.5772705078125,1892.196533203125,1917.3729248046875,8075086285.0
2026-07-31 00:00:00,1917.1417236328125,1933.77783203125,1847.46875,1860.345947265625,10253082786.0
2026-08-01 00:00:00,1860.37109375,1873.1712646484373,1821.485107421875,1843.417724609375,4889749337.0
2026-08-02 00:00:00,1843.41748046875,1895.7662353515625,1842.1544189453125,1882.52197265625,5798420478.0
2026-08-03 00:00:00,1882.7835693359373,1883.439208984375,1827.697509765625,1858.2564697265625,7822619495.0
2026-08-04 00:00:00,1858.22021484375,1879.5380859375,1847.1749267578125,1868.3858642578125,7950029763.0
2026-08-05 00:00:00,1868.4923095703125,1922.641357421875,1854.34033203125,1906.5260009765625,9791973976.0
2026-08-06 00:00:00,1906.442626953125,1917.7008056640625,1890.963623046875,1902.0574951171875,7974662808.0
2026-08-07 00:00:00,1902.1405029296875,1937.1666259765625,1893.0816650390625,1913.2794189453125,9081145963.0
2026-08-08 00:00:00,1913.324951171875,1924.6156005859373,1911.4849853515625,1915.532958984375,3746718589.0
2026-08-09 00:00:00,1915.46484375,1935.5299072265625,1907.025634765625,1908.6827392578125,4645577105.0
2026-08-10 00:00:00,1908.7197265625,1928.9932861328125,1866.78955078125,1871.2786865234373,8786188281.0
2026-08-11 00:00:00,1871.263671875,1895.7493896484373,1852.84033203125,1881.37353515625,7957496158.0
2026-08-12 00:00:00,1881.37353515625,1921.775390625,1873.3472900390625,1878.135009765625,7655429787.0
2026-08-13 00:00:00,1878.1884765625,1898.2252197265625,1861.92041015625,1883.9913330078125,7043525922.0
2026-08-14 00:00:00,1884.0169677734373,1889.2706298828125,1862.5645751953125,1880.6500244140625,5615035669.0
2026-08-15 00:00:00,1880.613037109375,1884.718017578125,1874.3280029296875,1880.9083251953125,3145101774.0
2026-08-16 00:00:00,1880.8916015625,1889.6053466796875,1867.8917236328125,1873.9429931640625,3727196539.0
2026-08-17 00:00:00,1873.969970703125,1916.6568603515625,1870.7479248046875,1912.2021484375,7808026613.0
2026-08-18 00:00:00,1912.2086181640625,1920.5233154296875,1884.477783203125,1916.4595947265625,6819426768.0
2026-08-19 00:00:00,1916.4267578125,2327.701171875,1905.0823974609373,2251.4580078125,29624109549.0
2026-08-20 00:00:00,2251.444091796875,2357.228271484375,2222.57470703125,2326.384765625,27856115157.0
2026-08-21 00:00:00,2326.38232421875,2545.881103515625,2324.70947265625,2515.28173828125,33328570085.0
2026-08-22 00:00:00,2515.392333984375,2528.896728515625,2389.902099609375,2424.251220703125,23985294650.0
2026-08-23 00:00:00,2424.217041015625,2483.930419921875,2357.139892578125,2463.81591796875,18269251440.0
2026-08-24 00:00:00,2463.640625,2531.744873046875,2425.387939453125,2481.831298828125,22852234269.0
2026-08-25 00:00:00,2481.77783203125,2531.08447265625,2416.602783203125,2443.159423828125,17270862024.0
2026-08-26 00:00:00,2442.4892578125,2514.666259765625,2432.51220703125,2506.260986328125,13160062688.0
2026-08-27 00:00:00,2506.239501953125,2564.2744140625,2481.94482421875,2510.41015625,16865824214.0
2026-08-29 00:00:00,2442.746337890625,2445.97607421875,2431.529052734375,2436.489990234375,13693833216.0
