Date,open,high,low,close,volume
2024-03-12 00:00:00,72095.86,72996.99,68636.43,71449.5,58546.01
2024-03-13 00:00:00,71449.5,73672.14,71329.7,73118.09,41314.41
2024-03-14 00:00:00,73118.09,73802.64,68493.91,71366.96,60699.01
2024-03-15 00:00:00,71366.96,72394.97,65579.78,69497.39,73358.94
2024-03-16 00:00:00,69497.39,70043.23,64783.87,65260.55,33956.52
2024-03-17 00:00:00,65260.55,68873.88,64529.3,68364.45,29362.49
2024-03-18 00:00:00,68364.45,68925.18,66584.49,67609.44,38542.52
2024-03-19 00:00:00,67609.44,68116.53,61529.15,61924.02,75848.91
2024-03-20 00:00:00,61924.02,68139.33,60782.8,67857.3,69671.19
2024-03-21 00:00:00,67857.3,68229.38,64548.09,65493.22,38234.75
2024-03-22 00:00:00,65493.22,66643.64,62321.3,63816.99,37343.35
2024-03-23 00:00:00,63816.99,66005.71,63025.99,64004.42,19360.47
2024-03-24 00:00:00,64004.42,67623.78,63802.82,67208.33,19120.87
2024-03-25 00:00:00,67208.33,71202.65,66400.46,69892.26,46100.6
2024-03-26 00:00:00,69892.26,71558.85,69294.69,69990.22,32990.33
2024-03-27 00:00:00,69990.22,71762.06,68384.71,69434.46,40450.72
2024-03-28 00:00:00,69434.46,71593.93,68864.89,70789.57,31346.01
2024-03-29 00:00:00,70789.57,70925.04,69059.03,69903.72,17382.89
2024-03-30 00:00:00,69903.72,70356.07,69586.01,69629.99,7371.14
2024-03-31 00:00:00,69629.99,71389.78,69601.39,71312.91,10567.65
2024-04-01 00:00:00,71312.91,71325.61,68074.92,69686.37,28892.19
2024-04-02 00:00:00,69686.37,69703.1,64571.71,65466.81,48905.67
2024-04-03 00:00:00,65466.81,66925.93,64514.87,65986.11,27792.87
2024-04-04 00:00:00,65986.11,69343.32,65081.42,68523.79,36673.5
2024-04-05 00:00:00,68523.79,68772.34,65994.65,67860.53,32904.8
2024-04-06 00:00:00,67860.53,69672.09,67483.82,68913.79,11314.76
2024-04-07 00:00:00,68913.79,70303.08,68877.35,69357.32,13691.75
2024-04-08 00:00:00,69357.32,72750.51,69064.41,71629.36,36459.33
2024-04-09 00:00:00,71629.36,71748.92,68213.24,69129.48,34538.71
2024-04-10 00:00:00,69129.48,71150.5,67480.7,70628.54,37142.44
2024-04-11 00:00:00,70628.54,71297.81,69558.05,70026.43,24988.45
2024-04-12 00:00:00,70026.43,71246.69,65257.57,67158.3,49331.17
2024-04-13 00:00:00,67158.3,68422.6,61079.47,64021.36,56915.71
2024-04-14 00:00:00,64021.36,65874.88,62229.8,65765.64,40968.04
2024-04-15 00:00:00,65765.64,66902.94,62328.07,63447.27,40978.19
2024-04-16 00:00:00,63447.27,64385.46,61667.72,63824.7,35542.55
2024-04-17 00:00:00,63824.7,64503.77,59682.79,61283.74,41504.19
2024-04-18 00:00:00,61283.74,64181.25,60829.27,63511.2,31452.84
2024-04-19 00:00:00,63511.2,65491.94,59607.49,63848.26,46058.39
2024-04-20 00:00:00,63848.26,65453.07,63140.68,64979.21,13464.03
2024-04-21 00:00:00,64979.21,65724.22,64271.77,64955.82,13150.64
2024-04-22 00:00:00,64955.82,67257.68,64536.42,66854.24,22839.75
2024-04-23 00:00:00,66854.24,67211.15,65835.93,66415.06,17575.6
2024-04-24 00:00:00,66415.06,67067.52,63556.97,64263.95,28785.93
2024-04-25 00:00:00,64263.95,65279.7,62759.65,64488.49,26730.52
2024-04-26 00:00:00,64488.49,64795.15,63307.56,63750.63,19914.4
2024-04-27 00:00:00,63750.63,63904.85,62408.97,63434.44,12684.85
2024-04-28 00:00:00,63434.44,64335.08,62769.01,63111.34,10104.62
2024-04-29 00:00:00,63111.34,64192.54,61768.51,63847.54,21849.86
2024-04-30 00:00:00,63847.54,64721.13,59097.29,60633.97,41212.82
2024-05-01 00:00:00,60633.97,60788.52,56516.09,58277.44,52053.76
2024-05-02 00:00:00,58277.44,59628.08,56936.28,59083.85,29471.89
2024-05-03 00:00:00,59083.85,63355.83,58835.76,62917.45,35180.41
2024-05-04 00:00:00,62917.45,64539.14,62587.84,63904.51,16206.9
2024-05-05 00:00:00,63904.51,64634.43,62923.47,64037.5,12595.62
2024-05-06 00:00:00,64037.5,65517.33,62715.9,63168.44,24082.55
2024-05-07 00:00:00,63168.44,64403.15,62274.09,62323.36,20907.17
2024-05-08 00:00:00,62323.36,63004.6,60867.52,61179.81,18593.4
2024-05-09 00:00:00,61179.81,63429.98,60623.94,63077.18,18440.55
2024-05-10 00:00:00,63077.18,63469.13,60181.24,60790.82,25390.35
2024-05-11 00:00:00,60790.82,61489.54,60474.73,60823.19,8298.11
2024-05-12 00:00:00,60823.19,61838.51,60600.9,61459.22,8214.5
2024-05-13 00:00:00,61459.22,63445.72,60758.38,62932.29,21250.01
2024-05-14 00:00:00,62932.29,63097.07,61094.77,61548.48,26392.04
2024-05-15 00:00:00,61548.48,66467.29,61325.48,66245.16,40708.36
2024-05-16 00:00:00,66245.16,66760.54,64600.05,65250.53,24275.96
2024-05-17 00:00:00,65250.53,67489.24,65120.39,67051.35,23340.48
2024-05-18 00:00:00,67051.35,67397.7,66633.01,66927.56,8752.24
2024-05-19 00:00:00,66927.56,67696.21,65878.18,66268.25,9725.64
2024-05-20 00:00:00,66268.25,71546.4,66071.74,71430.23,38260.49
2024-05-21 00:00:00,71430.23,71964.79,69158.99,70141.17,30747.6
2024-05-22 00:00:00,70141.17,70643.89,68952.24,69123.56,22981.44
2024-05-23 00:00:00,69123.56,70037.76,66370.0,67946.35,28168.79
2024-05-24 00:00:00,67946.35,69264.17,66613.35,68548.33,18239.62
2024-05-25 00:00:00,68548.33,69599.81,68498.87,69288.95,5972.0
2024-05-26 00:00:00,69288.95,69511.53,68156.05,68488.29,5502.87
2024-05-27 00:00:00,68488.29,70613.89,68227.32,69386.83,13110.64
2024-05-28 00:00:00,69386.83,69533.54,67206.37,68330.84,22223.83
2024-05-29 00:00:00,68330.84,68858.38,67099.33,67576.81,16353.37
2024-05-30 00:00:00,67576.81,69520.94,67107.22,68346.19,20828.64
2024-05-31 00:00:00,68346.19,69012.82,66605.09,67482.25,19922.04
2024-06-01 00:00:00,67482.25,67831.31,67383.55,67721.6,4400.74
2024-06-02 00:00:00,67721.6,68409.58,67279.96,67738.74,6731.43
2024-06-03 00:00:00,67738.74,70283.97,67584.62,68799.6,22783.46
2024-06-04 00:00:00,68799.6,71090.99,68553.54,70548.51,29746.55
2024-06-05 00:00:00,70548.51,71782.2,70371.34,71117.68,21737.62
2024-06-06 00:00:00,71117.68,71642.27,70113.83,70772.35,16078.4
2024-06-07 00:00:00,70772.35,71943.4,68439.15,69330.51,28318.21
2024-06-08 00:00:00,69330.51,69547.91,69152.66,69303.58,5753.02
2024-06-09 00:00:00,69303.58,69837.26,69131.01,69639.42,5137.66
2024-06-10 00:00:00,69639.42,70172.0,69166.61,69505.57,12116.49
2024-06-11 00:00:00,69505.57,69550.65,66054.78,67319.41,31800.9
2024-06-12 00:00:00,67319.41,70021.47,66896.79,68247.0,31159.85
2024-06-13 00:00:00,68247.0,68428.43,66224.61,66742.54,23051.5
2024-06-14 00:00:00,66742.54,67317.79,65026.62,66006.13,24684.72
2024-06-15 00:00:00,66006.13,66419.48,65832.26,66188.81,6139.62
2024-06-16 00:00:00,66188.81,66916.83,66012.05,66631.59,6512.06
2024-06-17 00:00:00,66631.59,67264.71,65062.53,66481.73,28974.78
2024-06-18 00:00:00,66481.73,66570.67,64033.69,65158.02,35263.17
2024-06-19 00:00:00,65158.02,65708.56,64656.84,64950.82,13478.88
2024-06-20 00:00:00,64950.82,66462.52,64527.9,64847.89,22559.77
2024-06-21 00:00:00,64847.89,65018.39,63350.87,64119.34,22310.94
2024-06-22 00:00:00,64119.34,64500.0,63924.68,64250.18,5570.5
2024-06-23 00:00:00,64250.18,64504.84,63154.88,63181.02,6504.7
2024-06-24 00:00:00,63181.02,63335.53,58443.98,60270.95,48177.24
2024-06-25 00:00:00,60270.95,62385.37,60232.04,61796.56,31697.13
2024-06-26 00:00:00,61796.56,62471.55,60684.69,60824.43,23423.63
2024-06-27 00:00:00,60824.43,62341.3,60562.27,61630.1,22562.67
2024-06-28 00:00:00,61630.1,62168.03,59907.92,60324.3,24288.31
2024-06-29 00:00:00,60324.3,61129.31,60294.22,60905.3,9214.26
2024-06-30 00:00:00,60905.3,62949.76,60637.5,62685.88,12626.61
2024-07-01 00:00:00,62685.88,63800.98,62462.2,62841.27,25708.72
2024-07-02 00:00:00,62841.27,63219.74,61453.08,62044.48,20510.77
2024-07-03 00:00:00,62044.48,62198.73,59373.07,60157.2,27365.92
2024-07-04 00:00:00,60157.2,60428.43,56728.63,57041.11,40351.82
2024-07-05 00:00:00,57041.11,57494.97,53528.09,56646.24,57490.15
2024-07-06 00:00:00,56646.24,58495.08,56035.03,58255.65,18766.95
2024-07-07 00:00:00,58255.65,58452.39,55734.13,55866.6,18402.28
2024-07-08 00:00:00,55866.6,58166.93,54305.08,56709.76,43439.51
2024-07-09 00:00:00,56709.76,58289.53,56296.1,58047.2,29452.6
2024-07-10 00:00:00,58047.2,59463.57,57165.19,57725.78,28064.27
2024-07-11 00:00:00,57725.78,59494.11,57072.63,57348.75,29764.17
2024-07-12 00:00:00,57348.75,58543.78,56554.34,57913.68,27242.71
2024-07-13 00:00:00,57913.68,59866.89,57784.15,59231.06,13963.3
2024-07-14 00:00:00,59231.06,61424.95,59222.6,60818.77,20080.87
2024-07-15 00:00:00,60818.77,64936.75,60688.12,64765.55,43679.34
2024-07-16 00:00:00,64765.55,65399.48,62434.72,65087.61,38850.8
2024-07-17 00:00:00,65087.61,66131.67,63872.53,64096.64,28170.64
2024-07-18 00:00:00,64096.64,65118.55,63235.08,63981.43,21904.27
2024-07-19 00:00:00,63981.43,67468.45,63305.25,66708.49,33756.81
2024-07-20 00:00:00,66708.49,67626.82,66291.51,67163.86,12566.25
2024-07-21 00:00:00,67163.86,68370.58,65840.58,68176.98,18123.31
2024-07-22 00:00:00,68176.98,68490.59,66594.51,67567.71,26712.99
2024-07-23 00:00:00,67567.71,67774.86,65465.88,65939.83,29465.67
2024-07-24 00:00:00,65939.83,67120.99,65112.45,65375.53,21576.01
2024-07-25 00:00:00,65375.53,66154.31,63429.11,65794.0,29473.48
2024-07-26 00:00:00,65794.0,68219.43,65734.24,67925.17,24567.97
2024-07-27 00:00:00,67925.17,69416.52,66675.48,67904.55,26420.73
2024-07-28 00:00:00,67904.55,68306.74,67054.94,68252.75,11980.7
2024-07-29 00:00:00,68252.75,70027.05,66436.99,66782.78,33524.03
2024-07-30 00:00:00,66782.78,66989.18,65293.95,66180.04,24376.6
2024-07-31 00:00:00,66180.04,66826.66,64508.96,64617.83,24304.84
2024-08-01 00:00:00,64617.83,65590.04,62238.44,65300.21,37045.09
2024-08-02 00:00:00,65300.21,65548.28,61165.12,61422.3,40943.43
2024-08-03 00:00:00,61422.3,62154.66,59838.49,60679.28,26176.07
2024-08-04 00:00:00,60679.28,61075.03,57174.97,58135.89,28092.97
2024-08-05 00:00:00,58135.89,58275.19,49202.81,54031.82,117153.32
2024-08-06 00:00:00,54031.82,57077.92,53987.77,56057.67,44255.76
2024-08-07 00:00:00,56057.67,57753.96,54580.16,55130.45,39691.91
2024-08-08 00:00:00,55130.45,62717.23,54751.57,61708.53,48215.66
2024-08-09 00:00:00,61708.53,61752.64,59573.13,60868.88,32998.38
2024-08-10 00:00:00,60868.88,61478.08,60270.33,60940.82,11935.68
2024-08-11 00:00:00,60940.82,61842.63,58331.17,58725.0,18214.18
2024-08-12 00:00:00,58725.0,60708.39,57677.54,59360.89,33285.38
2024-08-13 00:00:00,59360.89,61603.92,58440.76,60609.73,28787.92
2024-08-14 00:00:00,60609.73,61788.76,58461.76,58698.05,30973.89
2024-08-15 00:00:00,58698.05,59869.57,56132.98,57552.92,34692.53
2024-08-16 00:00:00,57552.92,59851.62,57106.84,58893.67,29186.89
2024-08-17 00:00:00,58893.67,59708.69,58815.46,59497.94,9691.68
2024-08-18 00:00:00,59497.94,60280.79,58433.69,58439.22,13915.75
2024-08-19 00:00:00,58439.22,59632.55,57828.14,59464.41,24222.4
2024-08-20 00:00:00,59464.41,61442.89,58588.82,59027.55,31292.98
2024-08-21 00:00:00,59027.55,61851.26,58806.66,61170.8,38408.34
2024-08-22 00:00:00,61170.8,61426.96,59756.43,60387.29,28924.51
2024-08-23 00:00:00,60387.29,64982.66,60351.28,64087.8,42020.68
2024-08-24 00:00:00,64087.8,64523.11,63591.53,64180.77,15286.56
2024-08-25 00:00:00,64180.77,65058.66,63828.67,64264.62,12753.39
2024-08-26 00:00:00,64264.62,64504.12,62816.08,62850.27,27037.83
2024-08-27 00:00:00,62850.27,63220.85,58045.32,59441.73,39241.27
2024-08-28 00:00:00,59441.73,60232.58,57868.47,59043.5,38043.04
2024-08-29 00:00:00,59043.5,61191.57,58735.81,59369.85,34345.83
2024-08-30 00:00:00,59369.85,59926.33,57725.72,59129.05,35023.22
2024-08-31 00:00:00,59129.05,59456.66,58759.04,58989.17,8035.77
2024-09-01 00:00:00,58989.17,59085.64,57217.94,57313.44,22352.53
2024-09-02 00:00:00,57313.44,59431.04,57135.27,59147.8,23766.29
2024-09-03 00:00:00,59147.8,59825.44,57411.84,57481.84,26568.4
2024-09-04 00:00:00,57481.84,58532.47,55625.58,57975.52,43027.18
2024-09-05 00:00:00,57975.52,58329.93,55651.61,56167.4,38784.5
2024-09-06 00:00:00,56167.4,57004.28,52552.05,53954.33,69521.39
2024-09-07 00:00:00,53954.33,54852.05,53742.58,54167.82,17050.67
2024-09-08 00:00:00,54167.82,55321.44,53631.93,54879.33,19159.79
2024-09-09 00:00:00,54879.33,58005.33,54591.28,57056.31,42637.41
2024-09-10 00:00:00,57056.31,58050.66,56397.36,57642.43,33391.45
2024-09-11 00:00:00,57642.43,58002.86,55554.25,57354.27,55576.26
2024-09-12 00:00:00,57354.27,58573.29,57330.99,58140.61,40914.83
2024-09-13 00:00:00,58140.61,60666.01,57637.58,60548.12,40546.37
2024-09-14 00:00:00,60548.12,60653.12,59433.38,60013.26,15042.25
2024-09-15 00:00:00,60013.26,60409.32,58697.69,59139.21,19176.34
2024-09-16 00:00:00,59139.21,59215.73,57486.82,58210.01,33106.34
2024-09-17 00:00:00,58210.01,61356.68,57624.63,60321.59,40712.51
2024-09-18 00:00:00,60321.59,61794.54,59185.2,61775.68,48151.29
2024-09-19 00:00:00,61775.68,63881.87,61582.28,62963.41,46829.96
2024-09-20 00:00:00,62963.41,64131.22,62345.57,63211.47,34617.55
2024-09-21 00:00:00,63211.47,63548.08,62767.25,63363.17,12142.67
2024-09-22 00:00:00,63363.17,64015.58,62394.47,63587.45,18884.06
2024-09-23 00:00:00,63587.45,64749.32,62584.5,63341.97,27280.27
2024-09-24 00:00:00,63341.97,64698.02,62710.48,64276.65,32160.64
2024-09-25 00:00:00,64276.65,64823.35,62938.97,63144.83,23967.21
2024-09-26 00:00:00,63144.83,65861.15,62660.36,65183.68,43302.56
2024-09-27 00:00:00,65183.68,66547.69,64839.11,65790.28,36162.6
2024-09-28 00:00:00,65790.28,66267.41,65442.19,65868.67,10383.49
2024-09-29 00:00:00,65868.67,66081.97,65440.3,65611.98,11532.92
2024-09-30 00:00:00,65611.98,65627.43,62846.03,63314.81,42396.01
2024-10-01 00:00:00,63314.81,64112.99,60156.13,60790.06,67326.52
2024-10-02 00:00:00,60790.06,62383.28,59976.82,60641.8,55652.18
2024-10-03 00:00:00,60641.8,61478.71,59846.16,60746.35,50457.09
2024-10-04 00:00:00,60746.35,62480.52,60458.33,62094.06,38904.7
2024-10-05 00:00:00,62094.06,62377.77,61689.84,62059.19,10082.43
2024-10-06 00:00:00,62059.19,62976.08,61815.61,62821.76,13418.93
2024-10-07 00:00:00,62821.76,64458.38,62129.23,62209.84,41062.64
2024-10-08 00:00:00,62209.84,63185.68,61832.71,62129.17,33506.88
2024-10-09 00:00:00,62129.17,62513.84,60252.65,60585.22,37528.72
2024-10-10 00:00:00,60585.22,61251.26,58869.24,60280.38,42405.42
2024-10-11 00:00:00,60280.38,63418.56,60039.18,62517.42,36112.65
2024-10-12 00:00:00,62517.42,63469.71,62473.78,63197.03,15673.6
2024-10-13 00:00:00,63197.03,63276.36,62036.49,62854.48,16786.01
2024-10-14 00:00:00,62854.48,66494.04,62438.82,66068.25,50393.51
2024-10-15 00:00:00,66068.25,67938.85,64791.36,67064.69,51909.81
2024-10-16 00:00:00,67064.69,68401.67,66752.45,67614.71,42024.2
2024-10-17 00:00:00,67614.71,67931.28,66643.91,67408.87,32062.99
2024-10-18 00:00:00,67408.87,69016.74,67167.07,68425.63,36869.58
2024-10-19 00:00:00,68425.63,68681.33,68009.42,68370.04,7712.36
2024-10-20 00:00:00,68370.04,69385.31,68094.66,69020.94,11999.25
2024-10-21 00:00:00,69020.94,69501.44,66811.42,67358.14,36536.85
2024-10-22 00:00:00,67358.14,67800.62,66540.7,67390.32,32484.74
2024-10-23 00:00:00,67390.32,67436.29,65171.54,66612.97,32488.79
2024-10-24 00:00:00,66612.97,68812.4,66456.7,68163.56,31715.51
2024-10-25 00:00:00,68163.56,68745.57,65510.53,66577.77,43824.41
2024-10-26 00:00:00,66577.77,67366.46,66343.25,67014.72,14159.11
2024-10-27 00:00:00,67014.72,68254.55,66852.5,67945.14,12105.31
2024-10-28 00:00:00,67945.14,70241.74,67541.0,69925.83,42091.94
2024-10-29 00:00:00,69925.83,73612.24,69725.05,72723.67,58289.36
2024-10-30 00:00:00,72723.67,72945.06,71408.4,72331.96,38392.15
2024-10-31 00:00:00,72331.96,72675.24,69585.02,70207.54,39358.14
2024-11-01 00:00:00,70207.54,71616.01,68755.75,69473.41,49030.12
2024-11-02 00:00:00,69473.41,69884.38,69006.88,69354.01,10811.2
2024-11-03 00:00:00,69354.01,69364.8,67457.91,68747.04,29674.18
2024-11-04 00:00:00,68747.04,69453.56,66793.64,67811.95,43141.35
2024-11-05 00:00:00,67811.95,70540.03,67432.99,69378.09,47211.37
2024-11-06 00:00:00,69378.09,76482.2,69295.92,75643.57,116207.84
2024-11-07 00:00:00,75643.57,76963.92,74472.09,75922.41,58490.52
2024-11-08 00:00:00,75922.41,77289.29,75656.7,76562.31,48629.32
2024-11-09 00:00:00,76562.31,76949.29,75763.57,76716.41,15808.47
2024-11-10 00:00:00,76716.41,81520.53,76545.66,80429.43,57715.18
2024-11-11 00:00:00,80429.43,89644.7,80283.65,88758.31,104407.32
2024-11-12 00:00:00,88758.31,90006.57,85125.04,88040.54,117605.91
2024-11-13 00:00:00,88040.54,93479.86,86252.86,90498.51,124766.84
2024-11-14 00:00:00,90498.51,91817.29,86679.1,87334.19,81846.21
2024-11-15 00:00:00,87334.19,91897.76,87118.43,91058.92,71049.87
2024-11-16 00:00:00,91058.92,91810.87,90092.82,90630.94,27488.76
2024-11-17 00:00:00,90630.94,91436.45,88728.28,89877.16,30966.65
2024-11-18 00:00:00,89877.16,92649.98,87547.97,90514.83,66007.84
2024-11-19 00:00:00,90514.83,94056.9,90414.27,92418.48,64909.54
2024-11-20 00:00:00,92418.48,95056.1,91612.46,94379.92,70180.2
2024-11-21 00:00:00,94379.92,99056.4,94152.97,98436.25,89243.49
2024-11-22 00:00:00,98436.25,99772.99,97207.77,99010.89,74286.51
2024-11-23 00:00:00,99010.89,99023.88,97219.23,97765.04,29017.14
2024-11-24 00:00:00,97765.04,98670.34,95781.2,98018.2,30269.68
2024-11-25 00:00:00,98018.2,98974.51,92592.66,93019.38,68259.16
2024-11-26 00:00:00,93019.38,95007.52,90730.54,91903.89,77087.79
2024-11-27 00:00:00,91903.89,97373.56,91757.22,95957.51,47765.92
2024-11-28 00:00:00,95957.51,96672.28,94677.17,95670.41,24214.5
2024-11-29 00:00:00,95670.41,98735.69,95391.39,97510.92,39884.8
2024-11-30 00:00:00,97510.92,97514.26,96137.13,96473.51,12565.01
2024-12-01 00:00:00,96473.51,97896.77,95752.22,97276.47,17120.23
2024-12-02 00:00:00,97276.47,98219.29,94419.96,95859.75,52454.21
2024-12-03 00:00:00,95859.75,96304.02,93590.91,95928.37,52781.2
2024-12-04 00:00:00,95928.37,99226.36,94663.42,98751.87,59092.55
2024-12-05 00:00:00,98751.87,104028.51,91741.97,97053.82,119875.78
2024-12-06 00:00:00,97053.82,102088.57,96427.0,99897.97,56899.66
2024-12-07 00:00:00,99897.97,100578.8,99025.63,99926.38,17306.94
2024-12-08 00:00:00,99926.38,101430.6,98730.22,101189.81,17851.82
2024-12-09 00:00:00,101189.81,101290.02,94567.01,97338.34,69981.57
2024-12-10 00:00:00,97338.34,98316.66,94284.0,96657.88,68661.05
2024-12-11 00:00:00,96657.88,101979.09,95730.76,101203.07,55047.48
2024-12-12 00:00:00,101203.07,102598.04,99311.56,100041.98,47200.64
2024-12-13 00:00:00,100041.98,101947.1,99232.64,101429.78,34639.86
2024-12-14 00:00:00,101429.78,102653.76,100606.28,101402.95,16577.72
2024-12-15 00:00:00,101402.95,105140.47,101228.16,104424.54,24799.66
2024-12-16 00:00:00,104424.54,107829.08,103299.75,106089.2,60439.19
2024-12-17 00:00:00,106089.2,108369.13,105308.99,106140.14,40879.26
2024-12-18 00:00:00,106140.14,106502.15,99946.11,100147.26,75094.41
2024-12-19 00:00:00,100147.26,102767.84,95555.55,97381.1,80969.49
2024-12-20 00:00:00,97381.1,98131.87,92144.03,97769.49,84967.2
2024-12-21 00:00:00,97769.49,99529.45,96379.46,97223.39,29797.52
2024-12-22 00:00:00,97223.39,97387.01,94186.04,95098.66,29661.75
2024-12-23 00:00:00,95098.66,96428.13,92378.53,94771.64,57639.3
2024-12-24 00:00:00,94771.64,99439.54,93437.9,98606.93,40945.61
2024-12-25 00:00:00,98606.93,99484.75,97568.85,99356.06,21801.56
2024-12-26 00:00:00,99356.06,99888.75,95098.08,95680.19,38437.52
2024-12-27 00:00:00,95680.19,97351.17,93270.34,94170.09,47149.3
2024-12-28 00:00:00,94170.09,95542.25,94008.53,95140.15,14159.69
2024-12-29 00:00:00,95140.15,95175.67,92850.44,93564.85,17921.9
2024-12-30 00:00:00,93564.85,94910.24,91310.52,92646.21,56846.06
2024-12-31 00:00:00,92646.21,96139.7,91894.97,93391.98,38897.74
2025-01-01 00:00:00,93391.98,94953.5,92728.81,94392.51,19153.02
2025-01-02 00:00:00,94392.51,97766.59,94197.85,96900.96,38283.3
2025-01-03 00:00:00,96900.96,98963.23,96021.74,98135.8,28427.3
2025-01-04 00:00:00,98135.8,98757.16,97522.47,98213.69,9919.49
2025-01-05 00:00:00,98213.69,98818.4,97248.4,98346.97,9872.68
2025-01-06 00:00:00,98346.97,102530.34,97908.09,102282.2,46146.96
2025-01-07 00:00:00,102282.2,102747.54,96112.95,96942.47,54319.14
2025-01-08 00:00:00,96942.47,97251.53,92488.45,95051.06,57721.92
2025-01-09 00:00:00,95051.06,95345.44,91197.56,92548.12,50519.28
2025-01-10 00:00:00,92548.12,95845.36,92206.53,94710.29,55479.83
2025-01-11 00:00:00,94710.29,94985.54,93826.56,94569.95,9594.23
2025-01-12 00:00:00,94569.95,95388.08,93675.7,94505.67,10865.93
2025-01-13 00:00:00,94505.67,95894.16,89153.4,94517.66,67978.59
2025-01-14 00:00:00,94517.66,97357.87,94324.09,96526.87,44347.27
2025-01-15 00:00:00,96526.87,100719.11,96466.75,100510.84,43167.2
2025-01-16 00:00:00,100510.84,100867.35,97275.38,99979.43,43426.87
2025-01-17 00:00:00,99979.43,105926.06,99941.15,104111.13,54200.85
2025-01-18 00:00:00,104111.13,104927.11,102234.37,104431.52,25366.61
2025-01-19 00:00:00,104431.52,106317.18,99537.53,101212.56,41597.34
2025-01-20 00:00:00,101212.56,109340.21,99449.75,102148.74,68840.35
2025-01-21 00:00:00,102148.74,107252.77,100069.04,106155.61,84552.76
2025-01-22 00:00:00,106155.61,106398.57,103321.48,103669.08,43996.49
2025-01-23 00:00:00,103669.08,106865.3,101221.0,103933.88,94063.64
2025-01-24 00:00:00,103933.88,107170.86,102751.09,104854.78,40201.93
2025-01-25 00:00:00,104854.78,105282.15,104107.08,104733.15,11835.64
2025-01-26 00:00:00,104733.15,105475.33,102487.8,102576.93,14118.63
2025-01-27 00:00:00,102576.93,103230.24,97712.77,102065.72,94472.14
2025-01-28 00:00:00,102065.72,103787.72,100221.08,101284.47,44096.37
2025-01-29 00:00:00,101284.47,104796.98,101279.83,103742.97,47080.07
2025-01-30 00:00:00,103742.97,106472.04,103297.81,104739.58,36659.17
2025-01-31 00:00:00,104739.58,106101.91,101514.21,102412.41,42222.31
2025-02-01 00:00:00,102412.41,102768.26,100270.22,100619.87,15691.73
2025-02-02 00:00:00,100619.87,101436.9,96158.45,97665.06,56620.33
2025-02-03 00:00:00,97665.06,102575.82,91142.87,101451.28,119095.77
2025-02-04 00:00:00,101451.28,101800.32,95090.81,97794.88,63348.17
2025-02-05 00:00:00,97794.88,99208.65,96175.47,96633.71,42695.62
2025-02-06 00:00:00,96633.71,99180.75,95691.57,96564.27,44725.1
2025-02-07 00:00:00,96564.27,100202.29,95630.04,96532.73,51939.12
2025-02-08 00:00:00,96532.73,96906.35,95685.31,96475.59,12529.37
2025-02-09 00:00:00,96475.59,97340.86,94752.27,96485.6,18638.48
2025-02-10 00:00:00,96485.6,98363.35,95276.7,97458.59,28119.4
2025-02-11 00:00:00,97458.59,98499.44,94852.37,95781.05,29002.62
2025-02-12 00:00:00,95781.05,98127.45,94087.33,97874.61,40118.73
2025-02-13 00:00:00,97874.61,98104.11,95225.08,96632.78,23246.76
2025-02-14 00:00:00,96632.78,98869.28,96282.72,97508.71,20187.22
2025-02-15 00:00:00,97508.71,97979.54,97245.24,97596.21,5831.48
2025-02-16 00:00:00,97596.21,97728.27,96069.15,96132.69,6632.76
2025-02-17 00:00:00,96132.69,97046.2,95226.61,95790.31,14565.31
2025-02-18 00:00:00,95790.31,96736.69,93361.47,95630.67,26359.54
2025-02-19 00:00:00,95630.67,96885.35,95032.61,96640.99,17048.51
2025-02-20 00:00:00,96640.99,98763.14,96430.11,98345.66,21068.47
2025-02-21 00:00:00,98345.66,99519.21,94775.25,96150.27,40404.88
2025-02-22 00:00:00,96150.27,96973.86,95771.79,96580.46,11673.75
2025-02-23 00:00:00,96580.46,96674.04,95255.75,96274.12,7473.29
2025-02-24 00:00:00,96274.12,96514.26,91349.77,91536.97,31216.13
2025-02-25 00:00:00,91536.97,92540.35,85944.14,88609.26,73085.74
2025-02-26 00:00:00,88609.26,89320.19,82199.13,84128.38,59111.39
2025-02-27 00:00:00,84128.38,87008.08,82601.58,84657.34,46301.47
2025-02-28 00:00:00,84657.34,85114.25,78203.72,84322.57,79539.18
2025-03-01 00:00:00,84322.57,86537.62,83798.96,86050.58,18530.02
2025-03-02 00:00:00,86050.58,95106.04,85047.82,94275.76,48038.07
2025-03-03 00:00:00,94275.76,94415.65,85071.66,86158.95,65233.7
2025-03-04 00:00:00,86158.95,88941.97,81449.43,87255.42,67017.22
2025-03-05 00:00:00,87255.42,91001.98,86341.87,90610.8,38856.74
2025-03-06 00:00:00,90610.8,92808.83,87818.33,89931.91,38977.52
2025-03-07 00:00:00,89931.91,91275.25,84649.25,86766.61,70464.28
2025-03-08 00:00:00,86766.61,86860.89,85206.97,86225.0,10574.16
2025-03-09 00:00:00,86225.0,86509.85,80006.76,80719.05,23565.36
2025-03-10 00:00:00,80719.05,84037.25,77420.92,78561.62,54996.98
2025-03-11 00:00:00,78561.62,83608.26,76581.52,82919.47,46456.32
2025-03-12 00:00:00,82919.47,84410.29,80596.11,83665.14,33320.8
2025-03-13 00:00:00,83665.14,84307.29,79915.4,81081.43,25813.81
2025-03-14 00:00:00,81081.43,85315.9,80787.81,83995.47,27692.23
2025-03-15 00:00:00,83995.47,84688.82,83628.73,84355.92,6081.09
2025-03-16 00:00:00,84355.92,85083.1,81992.19,82572.37,13119.21
2025-03-17 00:00:00,82572.37,84760.98,82442.95,84025.12,19966.07
2025-03-18 00:00:00,84025.12,84039.3,81137.39,82716.74,20939.97
2025-03-19 00:00:00,82716.74,87036.45,82562.03,86878.5,30764.1
2025-03-20 00:00:00,86878.5,87483.4,83611.66,84178.31,25040.14
2025-03-21 00:00:00,84178.31,84798.7,83129.17,84060.48,15799.47
2025-03-22 00:00:00,84060.48,84503.68,83661.65,83837.39,4784.27
2025-03-23 00:00:00,83837.39,86126.45,83807.2,86091.67,7450.59
2025-03-24 00:00:00,86091.67,88782.52,85546.71,87520.48,26225.71
2025-03-25 00:00:00,87520.48,88575.0,86325.18,87439.7,23097.19
2025-03-26 00:00:00,87439.7,88297.12,85867.66,86923.95,19657.36
2025-03-27 00:00:00,86923.95,87779.02,85817.84,87218.89,16968.52
2025-03-28 00:00:00,87218.89,87492.39,83544.63,84387.01,25383.93
2025-03-29 00:00:00,84387.01,84583.02,81634.23,82625.65,11328.65
2025-03-30 00:00:00,82625.65,83516.72,81563.47,82379.51,10151.57
2025-03-31 00:00:00,82379.51,83917.4,81290.13,82539.52,22937.49
2025-04-01 00:00:00,82539.52,85554.98,82419.98,85174.96,23296.36
2025-04-02 00:00:00,85174.96,88505.24,82299.2,82490.58,41160.08
2025-04-03 00:00:00,82490.58,83928.41,81178.57,83158.8,28340.47
2025-04-04 00:00:00,83158.8,84716.02,81648.68,83860.21,37104.6
2025-04-05 00:00:00,83860.21,84230.44,82357.52,83503.37,7478.68
2025-04-06 00:00:00,83503.37,83756.1,77079.93,78365.57,29753.86
2025-04-07 00:00:00,78365.57,81172.27,74426.93,79143.06,71279.71
2025-04-08 00:00:00,79143.06,80835.83,76181.24,76255.1,39397.81
2025-04-09 00:00:00,76255.1,83574.06,74569.86,82587.03,62853.19
2025-04-10 00:00:00,82587.03,82710.13,78405.82,79554.96,31362.13
2025-04-11 00:00:00,79554.96,84266.51,78924.27,83386.0,29349.5
2025-04-12 00:00:00,83386.0,85899.74,82766.93,85272.12,14180.76
2025-04-13 00:00:00,85272.12,86079.47,83019.76,83730.92,16310.95
2025-04-14 00:00:00,83730.92,85796.21,83667.03,84575.75,24118.6
2025-04-15 00:00:00,84575.75,86473.18,83596.04,83638.17,18210.0
2025-04-16 00:00:00,83638.17,85485.35,83094.96,84029.4,22244.37
2025-04-17 00:00:00,84029.4,85472.23,83725.98,84943.42,15229.6
2025-04-18 00:00:00,84943.42,85132.75,84287.73,84459.96,5504.81
2025-04-19 00:00:00,84459.96,85614.27,84355.7,85061.54,5342.18
2025-04-20 00:00:00,85061.54,85302.3,83954.54,85167.14,5694.47
2025-04-21 00:00:00,85167.14,88526.3,85132.52,87515.57,30403.0
2025-04-22 00:00:00,87515.57,93937.07,87084.84,93483.3,42804.67
2025-04-23 00:00:00,93483.3,94656.65,91943.03,93729.23,32977.9
2025-04-24 00:00:00,93729.23,94047.54,91693.21,94022.48,21490.53
2025-04-25 00:00:00,94022.48,95924.19,92883.11,94711.24,32483.13
2025-04-26 00:00:00,94711.24,95258.03,93916.48,94663.66,7391.42
2025-04-27 00:00:00,94663.66,95346.43,93671.22,93777.44,7713.95
2025-04-28 00:00:00,93777.44,95636.66,92864.35,95035.06,20417.05
2025-04-29 00:00:00,95035.06,95487.2,93780.51,94274.16,16856.75
2025-04-30 00:00:00,94274.16,95250.77,92968.85,94186.14,21486.05
2025-05-01 00:00:00,94186.14,97505.38,94150.92,96519.31,23665.14
2025-05-02 00:00:00,96519.31,97939.99,96386.78,96925.07,16175.06
2025-05-03 00:00:00,96925.07,96963.89,95826.0,95903.14,7082.92
2025-05-04 00:00:00,95903.14,96326.95,94313.27,94394.09,10960.75
2025-05-05 00:00:00,94394.09,95224.21,93694.42,94767.95,17619.91
2025-05-06 00:00:00,94767.95,96911.52,93382.91,96835.87,18330.26
2025-05-07 00:00:00,96835.87,97720.02,95816.56,97052.27,20000.95
2025-05-08 00:00:00,97052.27,104147.97,96905.18,103259.0,40299.96
2025-05-09 00:00:00,103259.0,104353.74,102332.43,102982.3,22760.45
2025-05-10 00:00:00,102982.3,104980.23,102830.2,104814.08,9107.42
2025-05-11 00:00:00,104814.08,104958.29,103353.87,104124.02,10980.95
2025-05-12 00:00:00,104124.02,105783.35,100723.18,102802.44,27678.93
2025-05-13 00:00:00,102802.44,105015.14,101466.16,104136.59,20326.97
2025-05-14 00:00:00,104136.59,104357.47,102615.68,103543.76,16577.27
2025-05-15 00:00:00,103543.76,104197.65,101407.14,103787.64,17867.52
2025-05-16 00:00:00,103787.64,104594.19,103138.18,103499.6,14498.25
2025-05-17 00:00:00,103499.6,103729.29,102642.39,103159.32,5830.13
2025-05-18 00:00:00,103159.32,106670.63,103144.58,106488.62,12986.86
2025-05-19 00:00:00,106488.62,107117.46,102104.37,105618.19,23756.73
2025-05-20 00:00:00,105618.19,107339.72,104220.59,106875.88,19460.7
2025-05-21 00:00:00,106875.88,110778.49,106133.62,109699.86,38005.12
2025-05-22 00:00:00,109699.86,111998.96,109250.4,111722.11,25391.66
2025-05-23 00:00:00,111722.11,111810.26,106807.62,107332.91,25390.32
2025-05-24 00:00:00,107332.91,109512.56,106896.28,107779.46,8974.86
2025-05-25 00:00:00,107779.46,109349.07,106643.02,109041.44,10033.32
2025-05-26 00:00:00,109041.44,110459.23,108718.82,109461.24,14310.31
2025-05-27 00:00:00,109461.24,110802.2,107543.83,108975.95,22990.09
2025-05-28 00:00:00,108975.95,109328.61,106799.94,107821.11,18610.56
2025-05-29 00:00:00,107821.11,108929.95,105327.79,105586.78,24372.04
2025-05-30 00:00:00,105586.78,106348.19,103650.43,104039.27,23541.73
2025-05-31 00:00:00,104039.27,104959.61,103127.75,104654.65,8552.6
2025-06-01 00:00:00,104654.65,105924.77,103823.88,105702.19,7524.76
2025-06-02 00:00:00,105702.19,105988.22,103708.71,105908.79,15178.71
2025-06-03 00:00:00,105908.79,106888.12,104926.88,105447.66,15596.95
2025-06-04 00:00:00,105447.66,106044.55,104206.69,104746.0,12621.93
2025-06-05 00:00:00,104746.0,105975.11,100418.61,101580.61,27489.96
2025-06-06 00:00:00,101580.61,105426.24,101174.97,104392.54,23040.48
2025-06-07 00:00:00,104392.54,105974.42,103976.29,105625.23,8589.54
2025-06-08 00:00:00,105625.23,106537.25,105042.03,105779.28,5871.71
2025-06-09 00:00:00,105779.28,110543.89,105372.62,110302.12,17851.91
2025-06-10 00:00:00,110302.12,110403.6,108373.44,110296.2,15646.83
2025-06-11 00:00:00,110296.2,110425.64,108096.82,108676.78,14497.2
2025-06-12 00:00:00,108676.78,108843.81,105721.73,105726.04,18051.35
2025-06-13 00:00:00,105726.04,106224.76,102773.14,106121.08,27266.37
2025-06-14 00:00:00,106121.08,106260.08,104386.29,105481.13,7543.44
2025-06-15 00:00:00,105481.13,106189.63,104546.11,105625.23,6583.09
2025-06-16 00:00:00,105625.23,109014.33,105016.81,106855.39,17191.01
2025-06-17 00:00:00,106855.39,107795.31,103378.64,104598.68,22652.14
2025-06-18 00:00:00,104598.68,105579.84,103547.15,104927.87,18605.58
2025-06-19 00:00:00,104927.87,105264.38,103951.44,104699.72,9905.95
2025-06-20 00:00:00,104699.72,106559.45,102367.77,103313.31,17700.79
2025-06-21 00:00:00,103313.31,104021.01,100925.53,102165.68,11217.17
2025-06-22 00:00:00,102165.68,103430.09,98264.46,101015.42,30700.21
2025-06-23 00:00:00,101015.42,106134.09,99685.07,105423.73,35198.88
2025-06-24 00:00:00,105423.73,106358.78,104710.65,106133.25,19908.29
2025-06-25 00:00:00,106133.25,108196.78,105880.48,107399.88,19838.91
2025-06-26 00:00:00,107399.88,108330.6,106605.5,107012.17,14664.25
2025-06-27 00:00:00,107012.17,107793.99,106421.82,107105.16,16821.31
2025-06-28 00:00:00,107105.16,107591.48,106884.15,107346.44,3472.45
2025-06-29 00:00:00,107346.44,108538.36,107233.58,108391.87,6094.35
2025-06-30 00:00:00,108391.87,108815.66,106756.38,107169.82,14220.51
2025-07-01 00:00:00,107169.82,107574.08,105295.02,105724.18,15730.48
2025-07-02 00:00:00,105724.18,109818.47,105143.1,108886.62,19611.45
2025-07-03 00:00:00,108886.62,110584.4,108579.56,109638.97,16647.63
2025-07-04 00:00:00,109638.97,109810.02,107283.92,108027.71,10440.09
2025-07-05 00:00:00,108027.71,108444.73,107798.16,108244.51,3465.16
2025-07-06 00:00:00,108244.51,109728.96,107846.02,109233.93,5651.56
2025-07-07 00:00:00,109233.93,109737.83,107513.97,108277.16,13350.41
2025-07-08 00:00:00,108277.16,109248.31,107445.04,108955.05,12122.12
2025-07-09 00:00:00,108955.05,112077.21,108341.92,111291.7,19761.34
2025-07-10 00:00:00,111291.7,116848.31,110555.52,116023.34,31905.27
2025-07-11 00:00:00,116023.34,118890.32,115236.69,117573.92,26050.27
2025-07-12 00:00:00,117573.92,118239.99,116954.09,117468.16,7395.67
2025-07-13 00:00:00,117468.16,119503.56,117264.6,119127.66,9553.52
2025-07-14 00:00:00,119127.66,123220.28,118951.55,119869.01,31361.7
2025-07-15 00:00:00,119869.01,119958.94,115709.64,117777.9,50123.19
2025-07-16 00:00:00,117777.9,120122.22,117043.92,118700.37,27837.68
2025-07-17 00:00:00,118700.37,121020.95,117485.98,119282.74,25218.52
2025-07-18 00:00:00,119282.74,120911.16,116902.92,118025.92,26111.51
2025-07-19 00:00:00,118025.92,118572.53,117339.41,117913.27,6706.12
2025-07-20 00:00:00,117913.27,118903.91,116533.22,117328.61,9166.19
2025-07-21 00:00:00,117328.61,119712.2,116581.7,117441.75,18543.72
2025-07-22 00:00:00,117441.75,120298.65,116186.23,120023.5,21981.53
2025-07-23 00:00:00,120023.5,120167.5,117361.89,118808.78,17163.7
2025-07-24 00:00:00,118808.78,119555.88,117214.42,118397.33,17930.71
2025-07-25 00:00:00,118397.33,118523.27,114756.37,117644.11,47767.94
2025-07-26 00:00:00,117644.11,118355.11,117143.68,117971.27,10959.83
2025-07-27 00:00:00,117971.27,119808.28,117872.15,119468.71,10341.68
2025-07-28 00:00:00,119468.71,119835.44,117403.28,118059.92,18092.6
2025-07-29 00:00:00,118059.92,119285.96,116933.73,117942.11,17580.06
2025-07-30 00:00:00,117942.11,118800.1,115769.47,117853.3,18335.33
2025-07-31 00:00:00,117853.3,118927.15,115493.77,115765.36,16934.89
2025-08-01 00:00:00,115765.36,116060.68,112682.82,113263.48,33588.86
2025-08-02 00:00:00,113263.48,114033.98,112006.36,112546.32,12452.57
2025-08-03 00:00:00,112546.32,114803.51,111925.95,114238.83,8326.85
2025-08-04 00:00:00,114238.83,115744.56,114140.41,115065.9,14470.62
2025-08-05 00:00:00,115065.9,115111.39,112629.49,114127.63,16922.91
2025-08-06 00:00:00,114127.63,115748.22,113364.73,115038.45,14480.66
2025-08-07 00:00:00,115038.45,117690.87,114288.63,117522.28,16359.62
2025-08-08 00:00:00,117522.28,117698.38,115895.35,116692.86,14582.39
2025-08-09 00:00:00,116692.86,117940.29,116360.05,116501.28,7930.51
2025-08-10 00:00:00,116501.28,119320.76,116496.35,119311.7,10554.12
2025-08-11 00:00:00,119311.7,122309.71,118106.91,118714.58,25659.91
2025-08-12 00:00:00,118714.58,120325.99,118214.28,120128.24,18213.63
2025-08-13 00:00:00,120128.24,123735.38,118948.18,123374.56,27352.96
2025-08-14 00:00:00,123374.56,124532.7,117241.12,118391.59,35491.88
2025-08-15 00:00:00,118391.59,119335.93,116865.92,117440.09,19724.55
2025-08-16 00:00:00,117440.09,118000.57,117242.73,117469.52,6405.98
2025-08-17 00:00:00,117469.52,118639.81,117268.69,117488.0,6706.31
2025-08-18 00:00:00,117488.0,117627.66,114716.49,116292.15,22732.79
2025-08-19 00:00:00,116292.15,116789.95,112738.04,112870.67,26286.85
2025-08-20 00:00:00,112870.67,114642.26,112387.14,114291.37,22978.24
2025-08-21 00:00:00,114291.37,114816.84,111993.84,112491.84,19947.31
2025-08-22 00:00:00,112491.84,117428.1,111675.14,116909.79,28375.72
2025-08-23 00:00:00,116909.79,117003.31,114533.54,115391.76,8271.23
2025-08-24 00:00:00,115391.76,115626.28,110860.71,113486.67,17025.82
2025-08-25 00:00:00,113486.67,113648.57,109292.22,110150.15,33305.33
2025-08-26 00:00:00,110150.15,112407.53,108701.29,111805.93,27215.82
2025-08-27 00:00:00,111805.93,112669.11,110381.63,111276.98,21850.84
2025-08-28 00:00:00,111276.98,113487.65,110887.39,112582.21,16865.13
2025-08-29 00:00:00,112582.21,112646.73,107512.41,108393.15,29122.98
2025-08-30 00:00:00,108393.15,108937.23,107381.29,108833.53,9682.99
2025-08-31 00:00:00,108833.53,109510.25,108095.95,108273.72,9099.54
2025-09-01 00:00:00,108273.72,109913.29,107271.39,109256.28,21783.85
2025-09-02 00:00:00,109256.28,111796.23,108420.77,111245.94,27112.92
2025-09-03 00:00:00,111245.94,112601.73,110556.54,111751.51,19087.45
2025-09-04 00:00:00,111751.51,112225.93,109345.22,110732.33,19577.2
2025-09-05 00:00:00,110732.33,113400.39,110217.27,110676.99,28328.28
2025-09-06 00:00:00,110676.99,111320.3,110019.89,110230.16,6640.6
2025-09-07 00:00:00,110230.16,111607.85,110215.7,111143.24,6492.41
2025-09-08 00:00:00,111143.24,112937.76,110628.16,112089.06,16345.84
2025-09-09 00:00:00,112089.06,113293.12,110777.59,111549.14,18844.58
2025-09-10 00:00:00,111549.14,114341.92,110940.58,113988.2,23523.08
2025-09-11 00:00:00,113988.2,115543.74,113457.52,115537.84,18345.68
2025-09-12 00:00:00,115537.84,116816.49,114785.3,116116.26,20842.83
2025-09-13 00:00:00,116116.26,116361.05,115207.42,115971.92,7083.57
2025-09-14 00:00:00,115971.92,116227.37,115203.8,115351.87,7290.45
2025-09-15 00:00:00,115351.87,116808.07,114427.7,115401.06,18559.61
2025-09-16 00:00:00,115401.06,117006.56,114765.74,116838.31,16305.16
2025-09-17 00:00:00,116838.31,117331.11,114742.84,116488.17,23702.53
2025-09-18 00:00:00,116488.17,117981.11,116134.78,117126.46,19195.15
2025-09-19 00:00:00,117126.46,117510.96,115150.85,115701.97,16753.48
2025-09-20 00:00:00,115701.97,116202.27,115488.37,115756.07,5995.45
2025-09-21 00:00:00,115756.07,115900.98,115262.9,115299.83,5422.99
2025-09-22 00:00:00,115299.83,115439.04,112027.44,112747.85,28253.02
2025-09-23 00:00:00,112747.85,113372.59,111518.32,112043.66,18488.69
2025-09-24 00:00:00,112043.66,114013.4,111118.7,113360.69,17597.56
2025-09-25 00:00:00,113360.69,113559.7,108664.26,109061.11,34940.33
2025-09-26 00:00:00,109061.11,110387.27,108695.14,109723.94,27943.91
2025-09-27 00:00:00,109723.94,109822.37,109156.33,109727.42,7105.98
2025-09-28 00:00:00,109727.42,112406.99,109280.14,112226.65,11935.68
2025-09-29 00:00:00,112226.65,114496.59,111625.37,114407.08,19529.19
2025-09-30 00:00:00,114407.08,114866.53,112727.79,114078.18,22976.41
2025-10-01 00:00:00,114078.18,118722.74,114004.91,118666.73,28249.14
2025-10-02 00:00:00,118666.73,121107.24,118356.65,120630.71,27985.21
2025-10-03 00:00:00,120630.71,123996.37,119348.63,122318.86,35664.64
2025-10-04 00:00:00,122318.86,122898.15,121598.23,122455.39,9977.25
2025-10-05 00:00:00,122455.39,125748.81,122213.36,123535.21,21834.57
2025-10-06 00:00:00,123535.21,126287.29,123143.47,124723.0,27874.8
2025-10-07 00:00:00,124723.0,125225.23,120661.76,121414.53,29039.6
2025-10-08 00:00:00,121414.53,124254.95,121116.33,123358.65,25262.59
2025-10-09 00:00:00,123358.65,123818.95,119741.93,121713.94,26848.29
2025-10-10 00:00:00,121713.94,122586.57,105833.75,112998.91,63865.23
2025-10-11 00:00:00,112998.91,113462.03,109711.01,110779.65,38127.92
2025-10-12 00:00:00,110779.65,115849.48,109708.26,115084.73,36833.57
2025-10-13 00:00:00,115084.73,116064.34,113754.71,115279.04,30207.33
2025-10-14 00:00:00,115279.04,115514.54,109983.29,113097.76,39286.64
2025-10-15 00:00:00,113097.76,113679.91,110229.66,110819.47,30171.93
2025-10-16 00:00:00,110819.47,112027.41,107501.51,108212.4,44973.38
2025-10-17 00:00:00,108212.4,109278.91,103552.05,106485.41,48249.26
2025-10-18 00:00:00,106485.41,107544.75,106382.73,107228.76,11815.48
2025-10-19 00:00:00,107228.76,109508.08,106146.21,108701.79,18116.25
2025-10-20 00:00:00,108701.79,111743.25,107486.38,110583.29,27390.05
2025-10-21 00:00:00,110583.29,114069.11,107500.34,108387.11,40819.23
2025-10-22 00:00:00,108387.11,109181.59,106750.91,107604.16,34388.98
2025-10-23 00:00:00,107604.16,111341.37,107527.17,110114.95,22351.32
2025-10-24 00:00:00,110114.95,111967.35,109742.29,111046.29,19795.99
2025-10-25 00:00:00,111046.29,111960.99,110709.35,111671.84,5949.66
2025-10-26 00:00:00,111671.84,115420.91,111281.45,114559.89,13255.98
2025-10-27 00:00:00,114559.89,116395.5,113855.65,114115.08,18980.68
2025-10-28 00:00:00,114115.08,116105.23,112249.3,112930.68,20610.35
2025-10-29 00:00:00,112930.68,113669.5,109339.16,110064.53,25061.43
2025-10-30 00:00:00,110064.53,111617.77,106319.98,108326.41,33363.2
2025-10-31 00:00:00,108326.41,111081.78,108295.99,109580.94,24417.33
2025-11-01 00:00:00,109580.94,110513.95,109378.81,110104.4,6377.31
2025-11-02 00:00:00,110104.4,111199.6,109485.51,110564.52,11170.49
2025-11-03 00:00:00,110564.52,110748.58,105315.16,106580.38,34536.33
2025-11-04 00:00:00,106580.38,107289.91,98932.13,101493.23,57282.41
2025-11-05 00:00:00,101493.23,104543.57,98978.04,103893.5,35631.18
2025-11-06 00:00:00,103893.5,104201.89,100266.6,101302.75,32306.54
2025-11-07 00:00:00,101302.75,104039.73,99207.58,103301.61,38050.15
2025-11-08 00:00:00,103301.61,103353.75,101453.48,102304.79,13228.46
2025-11-09 00:00:00,102304.79,105466.47,101415.54,104721.32,17136.04
2025-11-10 00:00:00,104721.32,106648.26,104270.97,105988.36,23693.26
2025-11-11 00:00:00,105988.36,107489.75,102465.73,103033.54,22618.21
2025-11-12 00:00:00,103033.54,105327.79,100818.69,101660.22,23740.26
2025-11-13 00:00:00,101660.22,104048.87,97956.87,99644.14,44584.48
2025-11-14 00:00:00,99644.14,99836.81,94006.67,94531.81,64051.76
2025-11-15 00:00:00,94531.81,96761.57,94516.28,95555.28,18574.48
2025-11-16 00:00:00,95555.28,96574.81,93006.43,94244.44,26755.82
2025-11-17 00:00:00,94244.44,95973.02,91244.75,92141.25,48309.81
2025-11-18 00:00:00,92141.25,93785.83,89289.38,92946.24,50671.19
2025-11-19 00:00:00,92946.24,92963.84,88529.93,91483.02,48242.24
2025-11-20 00:00:00,91483.02,93082.73,86019.03,86553.58,56931.35
2025-11-21 00:00:00,86553.58,87404.99,80562.05,85087.62,89136.71
2025-11-22 00:00:00,85087.62,85562.12,83462.76,84696.98,23440.3
2025-11-23 00:00:00,84696.98,88106.69,84639.73,86823.45,27848.78
2025-11-24 00:00:00,86823.45,89227.26,85242.01,88288.33,44709.41
2025-11-25 00:00:00,88288.33,88494.81,86089.7,87340.82,32065.82
2025-11-26 00:00:00,87340.82,90634.17,86298.47,90487.28,30484.49
2025-11-27 00:00:00,90487.28,91934.77,90083.46,91327.26,21381.51
2025-11-28 00:00:00,91327.26,93116.85,90242.43,90917.53,28364.69
2025-11-29 00:00:00,90917.53,91201.7,90211.19,90842.76,9605.76
2025-11-30 00:00:00,90842.76,91983.85,90363.83,90381.34,11291.12
2025-12-01 00:00:00,90381.34,90443.38,83828.42,86302.37,56213.9
2025-12-02 00:00:00,86302.37,92332.31,86199.69,91315.07,45736.14
2025-12-03 00:00:00,91315.07,94192.91,91041.2,93464.62,41538.16
2025-12-04 00:00:00,93464.62,94089.06,90913.17,92106.94,28655.33
2025-12-05 00:00:00,92106.94,92717.53,88116.59,89352.03,32962.38
2025-12-06 00:00:00,89352.03,90291.46,88942.96,89262.3,10824.34
2025-12-07 00:00:00,89262.3,91783.95,87756.05,90413.99,19003.3
2025-12-08 00:00:00,90413.99,92303.63,89623.92,90661.73,29264.71
2025-12-09 00:00:00,90661.73,94617.1,89530.61,92701.41,33300.59
2025-12-10 00:00:00,92701.41,94506.56,91582.52,92038.34,31975.44
2025-12-11 00:00:00,92038.34,93581.1,89281.34,92546.9,34699.18
2025-12-12 00:00:00,92546.9,92774.35,89499.86,90277.47,23943.19
2025-12-13 00:00:00,90277.47,90655.09,89789.11,90262.18,4873.94
2025-12-14 00:00:00,90262.18,90495.22,87605.5,88169.62,13925.51
2025-12-15 00:00:00,88169.62,90044.99,85149.06,86421.58,32063.56
2025-12-16 00:00:00,86421.58,88144.98,85264.64,87851.74,29881.81
2025-12-17 00:00:00,87851.74,90343.35,85280.69,86223.21,36654.93
2025-12-18 00:00:00,86223.21,89450.72,84424.2,85478.7,37000.62
2025-12-19 00:00:00,85478.7,89360.77,85085.96,88107.2,30053.32
2025-12-20 00:00:00,88107.2,88542.21,87793.71,88340.83,5509.23
2025-12-21 00:00:00,88340.83,89047.71,87586.96,88647.8,9049.14
2025-12-22 00:00:00,88647.8,90551.12,87881.68,88566.92,29006.12
2025-12-23 00:00:00,88566.92,88897.58,86559.41,87440.81,23920.9
2025-12-24 00:00:00,87440.81,88003.03,86365.36,87620.12,16558.92
2025-12-25 00:00:00,87620.12,88545.97,86913.66,87183.32,8950.93
2025-12-26 00:00:00,87183.32,89503.42,86589.77,87315.1,24423.76
2025-12-27 00:00:00,87315.1,87925.14,87154.06,87823.31,4960.63
2025-12-28 00:00:00,87823.31,88018.43,87381.32,87886.81,5733.05
2025-12-29 00:00:00,87886.81,90327.16,86704.68,87133.26,30609.16
2025-12-30 00:00:00,87133.26,89341.34,86732.68,88410.54,22736.07
2025-12-31 00:00:00,88410.54,89105.68,87109.45,87519.13,18255.84
2026-01-01 00:00:00,87519.13,88806.59,87400.21,88742.68,9510.96
2026-01-02 00:00:00,88742.68,90940.54,88289.33,89959.25,32178.91
2026-01-03 00:00:00,89959.25,90692.56,89288.1,90598.87,8300.07
2026-01-04 00:00:00,90598.87,91750.6,90598.62,91499.58,10582.97
2026-01-05 00:00:00,91499.58,94804.38,91483.13,93871.45,32652.53
2026-01-06 00:00:00,93871.45,94428.7,91210.45,93720.48,29297.33
2026-01-07 00:00:00,93720.48,93720.65,90363.64,91287.12,26753.28
2026-01-08 00:00:00,91287.12,91578.27,89212.31,91032.92,29489.79
2026-01-09 00:00:00,91032.92,91948.91,89596.59,90524.71,29088.95
2026-01-10 00:00:00,90524.71,90713.65,90279.2,90391.76,4793.55
2026-01-11 00:00:00,90391.76,91164.56,90122.7,90885.04,7635.61
2026-01-12 00:00:00,90885.04,92416.57,90020.58,91199.65,31732.96
2026-01-13 00:00:00,91199.65,96126.37,90944.45,95374.03,46070.59
2026-01-14 00:00:00,95374.03,97943.22,94530.69,96945.09,50778.17
2026-01-15 00:00:00,96945.09,97178.67,95102.98,95583.86,33226.15
2026-01-16 00:00:00,95583.86,95835.5,94246.25,95521.19,22063.25
2026-01-17 00:00:00,95521.19,95607.52,95004.98,95117.69,5648.6
2026-01-18 00:00:00,95117.69,95496.67,93583.3,93642.09,8546.82
2026-01-19 00:00:00,93642.09,93642.84,92102.43,92569.44,20554.89
2026-01-20 00:00:00,92569.44,92813.52,87793.26,88329.83,37990.43
2026-01-21 00:00:00,88329.83,90502.34,87190.29,89380.69,47306.93
2026-01-22 00:00:00,89380.69,90290.41,88441.13,89484.18,23966.16
2026-01-23 00:00:00,89484.18,91140.22,88466.06,89506.66,25137.21
2026-01-24 00:00:00,89506.66,89821.98,89047.54,89107.75,5309.41
2026-01-25 00:00:00,89107.75,89203.31,86008.64,86581.03,19788.52
2026-01-26 00:00:00,86581.03,88787.86,86429.64,88274.7,28600.46
2026-01-27 00:00:00,88274.7,89447.82,87212.27,89136.28,24324.97
2026-01-28 00:00:00,89136.28,90481.33,88729.36,89182.72,27525.65
2026-01-29 00:00:00,89182.72,89229.19,83243.73,84528.58,45122.46
2026-01-30 00:00:00,84528.58,84612.31,81047.62,84135.11,53884.23
2026-01-31 00:00:00,84135.11,84152.35,76029.54,78664.02,52359.6
2026-02-01 00:00:00,78664.02,79363.96,75653.86,76910.99,47181.0
2026-02-02 00:00:00,76910.99,79328.7,74579.63,78690.46,63702.51
2026-02-03 00:00:00,78690.46,79141.27,72882.55,75679.06,62810.31
2026-02-04 00:00:00,75679.06,76891.77,71724.93,73021.96,65420.8
2026-02-05 00:00:00,73021.96,73193.96,62227.01,62811.67,128064.14
2026-02-06 00:00:00,62811.67,71703.46,60069.72,70535.76,105746.35
2026-02-07 00:00:00,70535.76,71647.04,67315.5,69259.24,35663.46
2026-02-08 00:00:00,69259.24,72226.42,68857.91,70297.07,24372.4
2026-02-09 00:00:00,70297.07,71391.44,68260.19,70108.93,43610.47
2026-02-10 00:00:00,70108.93,70486.44,67878.02,68807.07,35555.88
2026-02-11 00:00:00,68807.07,69253.29,65725.74,67039.77,47410.63
2026-02-12 00:00:00,67039.77,68380.57,65084.07,66220.82,42922.43
2026-02-13 00:00:00,66220.82,69434.68,65825.83,68816.44,37610.93
2026-02-14 00:00:00,68816.44,70524.71,68706.51,69790.74,18574.98
2026-02-15 00:00:00,69790.74,70948.5,68048.86,68800.76,22109.67
2026-02-16 00:00:00,68800.76,70094.71,67269.9,68869.47,24726.24
2026-02-17 00:00:00,68869.47,69214.45,66592.03,67477.52,31820.5
2026-02-18 00:00:00,67477.52,68444.93,65838.1,66434.2,32280.23
2026-02-19 00:00:00,66434.2,67299.79,65618.44,66983.75,29384.21
2026-02-20 00:00:00,66983.75,68297.95,66442.67,67997.02,38044.13
2026-02-21 00:00:00,67997.02,68686.92,67528.59,67965.05,11686.08
2026-02-22 00:00:00,67965.05,68233.91,67170.64,67626.88,11615.92
2026-02-23 00:00:00,67626.88,67663.82,63879.72,64642.48,42373.83
2026-02-24 00:00:00,64642.48,64996.35,62551.85,64069.84,45607.54
2026-02-25 00:00:00,64069.84,70005.48,63922.45,67998.99,55809.16
2026-02-26 00:00:00,67998.99,68867.59,66508.93,67498.16,44886.39
2026-02-27 00:00:00,67498.16,68227.68,64948.18,65870.53,41323.2
2026-02-28 00:00:00,65870.53,67756.22,63030.34,66985.3,39423.24
2026-03-01 00:00:00,66985.3,68190.48,65043.22,65774.35,31940.58
2026-03-02 00:00:00,65774.35,70116.05,65261.45,68831.94,52714.29
2026-03-03 00:00:00,68831.94,69257.29,66148.66,68338.0,47295.99
2026-03-04 00:00:00,68338.0,74083.89,67407.2,72685.14,58364.24
2026-03-05 00:00:00,72685.14,73580.61,70649.03,70883.43,39182.16
2026-03-06 00:00:00,70883.43,71415.18,67734.1,68110.63,37984.6
2026-03-07 00:00:00,68110.63,68536.12,66935.38,67261.55,11943.05
2026-03-08 00:00:00,67261.55,68191.22,65631.31,65974.07,20832.2
2026-03-09 00:00:00,65974.07,69537.79,65835.73,68438.57,39703.44
2026-03-10 00:00:00,68438.57,71784.73,68390.84,69961.25,41624.34
2026-03-11 00:00:00,69961.25,71346.32,68986.08,70205.19,34413.1
2026-03-12 00:00:00,70205.19,70804.8,69210.99,70527.68,33129.51
2026-03-13 00:00:00,70527.68,73942.2,70402.18,70941.65,39598.04
2026-03-14 00:00:00,70941.65,71312.93,70324.71,71223.72,9824.66
2026-03-15 00:00:00,71223.72,73214.29,70872.84,72828.77,16622.47
2026-03-16 00:00:00,72828.77,74911.2,72291.22,74884.52,35432.38
2026-03-17 00:00:00,74884.52,76011.83,73419.9,73936.64,37904.84
2026-03-18 00:00:00,73936.64,74703.58,70493.02,71248.69,29963.04
2026-03-19 00:00:00,71248.69,71617.06,68778.11,69918.84,31432.32
2026-03-20 00:00:00,69918.84,71362.83,69382.16,70504.27,28202.11
2026-03-21 00:00:00,70504.27,71082.27,68569.14,68909.77,10135.48
2026-03-22 00:00:00,68909.77,69575.11,67346.39,67853.59,19080.94
2026-03-23 00:00:00,67853.59,71809.18,67435.52,70882.02,34476.12
2026-03-24 00:00:00,70882.02,71384.93,68897.47,70532.1,27209.19
2026-03-25 00:00:00,70532.1,72021.21,70378.93,71305.31,21670.32
2026-03-26 00:00:00,71305.31,71409.93,68112.31,68781.63,28504.28
2026-03-27 00:00:00,68781.63,69134.01,65507.78,66365.12,34935.43
2026-03-28 00:00:00,66365.12,67248.52,65892.41,66327.41,12045.71
2026-03-29 00:00:00,66327.41,67075.8,64960.31,65967.75,14862.65
2026-03-30 00:00:00,65967.75,68118.37,65754.18,66744.36,34021.82
2026-03-31 00:00:00,66744.36,68533.41,65932.38,68233.98,34649.11
2026-04-01 00:00:00,68233.98,69284.9,67544.7,68108.11,24234.59
2026-04-02 00:00:00,68108.11,68646.83,65700.61,66895.02,26281.88
2026-04-03 00:00:00,66895.02,67366.42,66278.89,66953.31,12707.87
2026-04-04 00:00:00,66953.31,67533.41,66775.08,67291.01,6444.27
2026-04-05 00:00:00,67291.01,69112.22,66604.57,69004.15,10554.43
2026-04-06 00:00:00,69004.15,70367.01,68336.5,68852.96,26913.27
2026-04-07 00:00:00,68852.96,72753.63,67716.12,71917.66,31146.4
2026-04-08 00:00:00,71917.66,72857.69,70691.49,71086.44,28765.74
2026-04-09 00:00:00,71086.44,73148.53,70472.93,71803.46,29224.6
2026-04-10 00:00:00,71803.46,73473.25,71434.98,72990.26,26151.44
2026-04-11 00:00:00,72990.26,73823.07,72567.95,73077.66,9513.07
2026-04-12 00:00:00,73077.66,73165.73,70520.78,70750.05,13674.97
2026-04-13 00:00:00,70750.05,74923.25,70582.11,74444.78,38520.57
2026-04-14 00:00:00,74444.78,76121.51,73862.14,74176.82,42928.16
2026-04-15 00:00:00,74176.82,75450.74,73544.61,74831.35,22132.36
2026-04-16 00:00:00,74810.875,75506.5703125,73346.265625,75152.1328125,41312783855.0
2026-04-17 00:00:00,75164.0390625,78320.6796875,74558.6015625,77126.875,54137194839.0
2026-04-18 00:00:00,77136.046875,77416.703125,75504.9453125,75726.2109375,26014416776.0
2026-04-19 00:00:00,75723.6953125,76243.09375,73802.3828125,73856.3515625,30931515195.0
2026-04-20 00:00:00,73854.25,76575.359375,73775.5703125,75872.5234375,39674447916.0
2026-04-21 00:00:00,75872.828125,76881.4765625,74852.671875,76352.7734375,36453522626.0
2026-04-22 00:00:00,76354.21875,79468.0,76159.578125,78203.1015625,48336654537.0
2026-04-23 00:00:00,78203.875,78676.9375,77014.453125,78268.953125,40354900916.0
2026-04-24 00:00:00,78263.8203125,78554.09375,77318.4453125,77455.3125,32784213526.0
2026-04-25 00:00:00,77457.2109375,77882.640625,77184.6640625,77612.015625,16702933134.0
2026-04-26 00:00:00,77613.1171875,78923.5625,77334.890625,78657.5390625,21482934750.0
2026-04-27 00:00:00,78661.015625,79488.171875,76481.34375,77366.625,38135631927.0
2026-04-28 00:00:00,77368.1171875,77483.8671875,75673.6015625,76350.671875,32056900880.0
2026-04-29 00:00:00,76350.6875,77884.96875,74958.5703125,75776.1328125,41460907886.0
2026-04-30 00:00:00,75778.6328125,76611.484375,75318.984375,76304.3203125,29497862305.0
2026-05-01 00:00:00,76305.0546875,78894.9765625,76294.6953125,78179.0,39164328894.0
2026-05-02 00:00:00,78177.75,79119.7890625,78031.9609375,78657.25,16761531851.0
2026-05-03 00:00:00,78656.7265625,79402.359375,78073.078125,78538.2265625,20544392639.0
2026-05-04 00:00:00,78540.2890625,80742.359375,78217.9609375,79827.90625,54325085296.0
2026-05-05 00:00:00,79823.53125,81751.453125,79787.578125,80927.0546875,39700107376.0
2026-05-06 00:00:00,80930.734375,82792.2109375,80751.0234375,81427.53125,41751540000.0
2026-05-07 00:00:00,81428.8515625,81684.953125,79522.65625,80009.9921875,36931193154.0
2026-05-08 00:00:00,80009.625,80447.265625,79205.515625,80186.765625,33789351540.0
2026-05-09 00:00:00,80187.7421875,81030.0625,80119.9296875,80664.3671875,18102086996.0
2026-05-10 00:00:00,80665.609375,82430.171875,80274.1328125,82138.9296875,26965971077.0
2026-05-11 00:00:00,82139.046875,82326.234375,80451.421875,81728.296875,32409774919.0
2026-05-12 00:00:00,81725.3515625,81753.03125,79832.1015625,80477.4921875,32186688600.0
2026-05-13 00:00:00,80476.7890625,81276.671875,78725.5078125,79277.1171875,34075428359.0
2026-05-14 00:00:00,79276.9453125,82005.9609375,78909.6796875,81051.25,43731663431.0
2026-05-15 00:00:00,81046.8671875,81634.84375,78635.3671875,79065.6796875,38183347368.0
2026-05-16 00:00:00,79066.0,79173.5,77630.734375,78131.4375,25895799905.0
2026-05-17 00:00:00,78133.5859375,78539.3984375,76783.4140625,77429.3515625,20900166465.0
2026-05-18 00:00:00,77426.34375,77749.3203125,76029.2265625,76954.171875,41520471808.0
2026-05-19 00:00:00,76954.75,77346.8671875,76082.3671875,76750.90625,26031898332.0
2026-05-20 00:00:00,76749.453125,77775.5703125,76463.6484375,77457.7734375,26668360936.0
2026-05-21 00:00:00,77462.5078125,78100.5625,76655.4375,77539.171875,27141485404.0
2026-05-22 00:00:00,77538.1171875,77819.453125,75323.875,75488.2421875,27859040109.0
2026-05-23 00:00:00,75488.3125,77288.1171875,74255.234375,76673.3671875,29973220002.0
2026-05-24 00:00:00,76670.65625,77372.5390625,76019.890625,76981.125,20572738918.0
2026-05-25 00:00:00,76981.125,77804.921875,76833.0390625,77279.9296875,19808387601.0
2026-05-26 00:00:00,77280.125,77990.8671875,75569.46875,75825.734375,35999475458.0
2026-05-27 00:00:00,75825.3046875,76014.296875,74136.5,74344.703125,33802172927.0
2026-05-28 00:00:00,74339.5703125,74460.125,72493.4140625,73536.5546875,40148145327.0
2026-05-29 00:00:00,73537.03125,74218.5625,72435.625,73372.5234375,34457929250.0
2026-05-30 00:00:00,73370.8515625,74020.7578125,73125.234375,73754.8359375,19563589191.0
2026-05-31 00:00:00,73753.75,74153.5,73315.015625,73579.6875,17445435650.0
2026-06-01 00:00:00,73580.2109375,73969.5703125,70599.5078125,71319.7734375,43378836121.0
2026-06-02 00:00:00,71321.03125,71334.953125,66127.265625,66703.65625,54990073882.0
2026-06-03 00:00:00,66694.0078125,67402.9296875,64009.67578125,64014.3671875,47411556213.0
2026-06-04 00:00:00,64020.0703125,64664.4453125,61335.75,63801.57421875,63800151780.0
2026-06-05 00:00:00,63807.69140625,63901.515625,59108.91796875,60922.66796875,71465606706.0
2026-06-06 00:00:00,60924.4765625,61491.703125,59496.625,60867.4140625,30898464957.0
2026-06-07 00:00:00,60866.94140625,64128.04296875,60724.06640625,63239.51953125,36006496194.0
2026-06-08 00:00:00,63244.0859375,64185.765625,62384.66796875,63090.58984375,34133252457.0
2026-06-09 00:00:00,63092.890625,63486.08984375,60756.6875,61643.78125,40144449754.0
2026-06-10 00:00:00,61643.20703125,62788.27734375,60788.0234375,61449.2890625,27493506779.0
2026-06-11 00:00:00,61448.87890625,63851.94921875,61447.96875,63561.0546875,29316677897.0
2026-06-12 00:00:00,63547.44140625,64334.015625,62778.79296875,63543.19921875,26881868307.0
2026-06-13 00:00:00,63541.515625,64700.87890625,63431.3203125,64421.32421875,16956245530.0
2026-06-14 00:00:00,64420.16796875,65749.78125,63634.0234375,65710.3984375,21572226975.0
2026-06-15 00:00:00,65711.109375,67248.1328125,65315.8359375,66289.5,32927321950.0
2026-06-16 00:00:00,66289.4609375,66928.609375,65315.0703125,65600.640625,25063963967.0
2026-06-17 00:00:00,65600.4296875,66354.625,63870.9296875,64418.4453125,31288885189.0
2026-06-18 00:00:00,64419.64453125,64736.921875,62201.14453125,62896.47265625,30432454936.0
2026-06-19 00:00:00,62897.515625,63568.22265625,62275.58203125,63540.8359375,22361931660.0
2026-06-20 00:00:00,63535.80859375,64307.13671875,63149.66015625,64239.67578125,17486384117.0
2026-06-21 00:00:00,64242.32421875,64506.578125,63221.0,63237.5390625,15739619591.0
2026-06-22 00:00:00,63240.7890625,65544.0,63233.53125,63952.10546875,26561496819.0
2026-06-23 00:00:00,63952.79296875,64196.5625,61893.20703125,62668.01953125,29608942370.0
2026-06-24 00:00:00,62663.03125,63097.7578125,59029.85546875,60995.1328125,42644106535.0
2026-06-25 00:00:00,60992.0703125,61868.90625,58075.921875,59721.67578125,40625024718.0
2026-06-26 00:00:00,59712.0546875,60647.1875,58269.125,60016.4296875,41502864671.0
2026-06-27 00:00:00,60016.3125,60835.046875,59794.62109375,59940.09765625,15099836554.0
2026-06-28 00:00:00,59940.3515625,60432.70703125,58879.6328125,59532.33984375,16282230874.0
2026-06-29 00:00:00,59522.7890625,60682.33984375,58856.1875,60138.37890625,30829983083.0
2026-06-30 00:00:00,60136.453125,60173.21875,58111.671875,58558.859375,32747419391.0
2026-07-01 00:00:00,58562.4453125,61223.76953125,57747.765625,60003.7578125,37904450118.0
2026-07-02 00:00:00,60004.76953125,62117.875,59532.32421875,61485.30078125,40109297349.0
2026-07-03 00:00:00,61492.06640625,62879.0078125,61176.72265625,62544.19921875,26131813598.0
2026-07-04 00:00:00,62545.12890625,63398.41015625,62287.5859375,63088.3046875,18608397613.0
2026-07-05 00:00:00,63087.7421875,63087.7421875,62468.12890625,62812.94140625,15644848128.0
2026-07-06 00:00:00,63551.015625,64597.5703125,61275.828125,63995.015625,36552222303.0
2026-07-07 00:00:00,63994.59765625,64257.6328125,62623.93359375,63297.39453125,31026493556.0
2026-07-08 00:00:00,63293.51953125,63706.88671875,61492.6484375,62257.57421875,27349235354.0
2026-07-09 00:00:00,62257.31640625,63422.94140625,61645.75390625,63193.1484375,26546256117.0
2026-07-10 00:00:00,63194.359375,64658.96875,62902.0625,64127.140625,27450201269.0
2026-07-11 00:00:00,64127.96875,64445.4609375,63785.62109375,63802.02734375,13954689047.0
2026-07-12 00:00:00,63791.40234375,64243.1328125,63606.82421875,63758.21875,19043437787.0
2026-07-13 00:00:00,63757.171875,64340.8828125,61769.0,62239.12109375,37650044790.0
2026-07-14 00:00:00,62238.5859375,65046.1328125,62207.5234375,64956.11328125,29841287318.0
2026-07-15 00:00:00,64959.80859375,65507.59375,64442.8203125,64712.375,27029791676.0
2026-07-16 00:00:00,64713.296875,64931.85546875,63701.8046875,63789.28125,27232426674.0
2026-07-17 00:00:00,63789.91015625,64332.01953125,62489.453125,63899.4609375,27280236800.0
2026-07-18 00:00:00,63899.1796875,64816.50390625,63845.015625,64796.6015625,14162542470.0
2026-07-19 00:00:00,64799.27734375,64909.88671875,64250.9140625,64690.8046875,15000653941.0
2026-07-20 00:00:00,64684.41796875,65735.71875,63720.390625,65230.02734375,30988932408.0
2026-07-21 00:00:00,65228.87109375,66910.0625,65113.65625,66505.125,29554470321.0
2026-07-22 00:00:00,66506.7890625,66694.6484375,65514.17578125,66100.796875,28142272410.0
2026-07-23 00:00:00,66100.1328125,66282.3828125,64610.609375,65044.8125,24364433538.0
2026-07-24 00:00:00,65044.95703125,65760.484375,63686.03515625,64098.49609375,25917559237.0
2026-07-25 00:00:00,64098.4921875,64386.0625,63753.02734375,64311.8125,13817493398.0
2026-07-26 00:00:00,64311.78515625,65503.76953125,64233.453125,65340.30078125,14301494281.0
2026-07-27 00:00:00,65340.58984375,65658.3359375,63562.484375,63724.8984375,26183821002.0
2026-07-28 00:00:00,63723.48828125,64026.921875,62714.8046875,63871.36328125,24128738898.0
2026-07-29 00:00:00,63871.39453125,64638.6953125,63206.2109375,63908.16796875,28611167472.0
2026-07-30 00:00:00,63908.625,65071.4453125,63533.90625,64725.30859375,26250039650.0
2026-07-31 00:00:00,64723.96875,65328.18359375,62410.8671875,62813.74609375,30439749629.0
2026-08-01 00:00:00,62813.6640625,63091.59765625,62233.01171875,62763.3203125,13553286543.0
2026-08-02 00:00:00,62763.4453125,63714.61328125,62745.25390625,63482.0,15901776708.0
2026-08-03 00:00:00,63485.44140625,64020.32421875,62226.578125,63460.8984375,26038889824.0
2026-08-04 00:00:00,63458.41015625,64466.9375,63277.68359375,64055.953125,23662357784.0
2026-08-05 00:00:00,64054.87890625,64954.34765625,63829.71875,64597.5,23568584891.0
2026-08-06 00:00:00,64595.44921875,64934.4921875,64098.4765625,64262.11328125,18529402711.0
2026-08-07 00:00:00,64257.48828125,65330.609375,64113.2734375,64880.19140625,22165720102.0
2026-08-08 00:00:00,64882.546875,65140.48046875,64797.11328125,64904.6875,12350094271.0
2026-08-09 00:00:00,64906.55078125,65401.69140625,64677.6015625,64844.88671875,13234538380.0
2026-08-10 00:00:00,64845.3828125,65321.83984375,63752.56640625,63910.5859375,22384770392.0
2026-08-11 00:00:00,63910.17578125,64433.6796875,63185.47265625,63551.875,20824820662.0
2026-08-12 00:00:00,63551.87109375,64381.078125,63251.11328125,63402.43359375,23063864553.0
2026-08-13 00:00:00,63404.42578125,63926.33203125,62799.2890625,63402.171875,18765583756.0
2026-08-14 00:00:00,63402.08984375,63551.5625,62487.69921875,62975.59375,20280053024.0
2026-08-15 00:00:00,62974.3359375,63119.1328125,62850.9609375,63024.3203125,10033057106.0
2026-08-16 00:00:00,63023.421875,63310.77734375,62648.57421875,62818.65234375,9078986635.0
2026-08-17 00:00:00,62819.37890625,64547.84765625,62687.1015625,64506.25390625,21555405073.0
2026-08-18 00:00:00,64506.5234375,64987.7109375,63980.32421875,64680.7109375,18728001793.0
2026-08-19 00:00:00,64680.046875,69996.953125,64111.0703125,69266.1875,46228098443.0
2026-08-20 00:00:00,69268.25,73369.8046875,68867.53125,73032.7578125,55444322363.0
2026-08-21 00:00:00,73031.0859375,79463.7109375,73011.4140625,78335.1875,74478039014.0
2026-08-22 00:00:00,78332.5546875,78801.1484375,76526.7109375,77083.4140625,42131959963.0
2026-08-23 00:00:00,77082.84375,78036.8671875,75624.9453125,77755.265625,31158396908.0
2026-08-24 00:00:00,77748.875,79970.109375,76688.828125,78964.484375,55502180329.0
2026-08-25 00:00:00,78960.09375,81235.03125,77870.625,78564.9765625,46728068401.0
2026-08-26 00:00:00,78538.5859375,79240.5,77639.8359375,79027.421875,29329039002.0
2026-08-27 00:00:00,79037.921875,80806.5625,78591.1015625,80257.5390625,34033075972.0
2026-08-29 00:00:00,77838.390625,77897.8828125,77408.8515625,77639.21875,30875691008.0
