timestamp,symbol,open,high,low,close,trades,volume,vwap,lastSize,turnover,homeNotional,foreignNotional
2022-10-21 00:00:00+00:00,APTUSD,7.517,7.655,7.04,7.289,118.0,24285.0,7.292,10.0,177067596.0,4653.07380406738,33927.14289273263
2022-10-22 00:00:00+00:00,APTUSD,7.289,7.686,7.059,7.485,108.0,15931.0,7.46,39.0,118839338.0,3038.923150299632,22670.38299116547
2022-10-23 00:00:00+00:00,APTUSD,7.485,9.333,7.381,8.891,680.0,319616.0,8.074,20.0,2580319821.0,61319.4114365398,495082.5372562397
2022-10-24 00:00:00+00:00,APTUSD,8.891,10.083,8.888,9.767,732.0,167718.0,9.599,238.0,1609802556.0,32224.14314607999,309291.8539817261
2022-10-25 00:00:00+00:00,APTUSD,9.767,9.922,9.254,9.55,429.0,298191.0,9.518,3.0,2837898606.0,57658.31675798901,548744.1342146804
2022-10-26 00:00:00+00:00,APTUSD,9.55,9.5,8.603,8.752,299.0,177506.0,9.095,3.0,1614252350.0,34993.80085848935,318071.77175064886
2022-10-27 00:00:00+00:00,APTUSD,8.752,9.27,8.671,9.199,189.0,41486.0,9.047,52.0,375284659.0,8554.394410325413,77390.0328904533
2022-10-28 00:00:00+00:00,APTUSD,9.199,9.617,8.622,8.712,316.0,73965.0,9.224,10.0,682238836.0,15288.298696297104,141030.91826971754
2022-10-29 00:00:00+00:00,APTUSD,8.712,8.8,7.939,8.151,195.0,66336.0,8.251,297.0,547292955.0,13458.61584345266,111041.31029547816
2022-10-30 00:00:00+00:00,APTUSD,8.151,8.351,7.614,7.977,317.0,112063.0,7.988,200.0,895135053.0,23293.316783078397,186062.26770011827
2022-10-31 00:00:00+00:00,APTUSD,7.977,8.359,7.666,7.802,305.0,76757.0,7.891,884.0,605638762.0,15887.78664015651,125367.22169330867
2022-11-01 00:00:00+00:00,APTUSD,7.802,8.138,7.728,7.945,146.0,42166.0,7.87,49.0,331843372.0,8636.577379587772,67971.61698354359
2022-11-02 00:00:00+00:00,APTUSD,7.945,8.3,7.845,8.199,174.0,44685.0,8.111,1.0,362422632.0,9154.086179201957,74244.63098315288
2022-11-03 00:00:00+00:00,APTUSD,8.199,8.176,7.142,7.3,252.0,126288.0,7.66,600.0,967332728.0,25856.07704162616,198059.2996014905
2022-11-04 00:00:00+00:00,APTUSD,7.3,7.55,7.2,7.232,140.0,62927.0,7.396,688.0,465389563.0,12728.295981425425,94137.53701760503
2022-11-05 00:00:00+00:00,APTUSD,7.232,7.75,7.176,7.591,153.0,50747.0,7.319,150.0,371369103.0,10429.646540070911,76338.06877239473
2022-11-06 00:00:00+00:00,APTUSD,7.591,7.944,7.6,7.679,81.0,29062.0,7.687,106.0,223396286.0,6187.8347916657085,47565.64292579743
2022-11-07 00:00:00+00:00,APTUSD,7.679,8.215,7.296,7.296,348.0,120505.0,7.818,1000.0,942008312.0,25563.407111272667,199842.3550984199
2022-11-08 00:00:00+00:00,APTUSD,7.296,7.458,6.785,6.96,395.0,133328.0,7.041,200.0,938706627.0,27643.53324641476,194636.60369810887
2022-11-09 00:00:00+00:00,APTUSD,6.96,6.998,4.512,5.395,323.0,115841.0,6.0,372.0,694960497.0,22715.998884676785,136699.24820035102
2022-11-10 00:00:00+00:00,APTUSD,5.395,5.2,3.528,3.893,431.0,176301.0,4.079,1622.0,719052636.0,29580.377547375738,121156.8746795224
2022-11-11 00:00:00+00:00,APTUSD,3.893,5.43,3.906,5.143,1239.0,1323169.0,4.703,33.0,6222289726.0,226387.84618612795,1068577.899273539
2022-11-12 00:00:00+00:00,APTUSD,5.143,5.3,4.001,5.124,507.0,291049.0,4.862,110.0,1414860192.0,49480.56163761007,240614.2725184509
2022-11-13 00:00:00+00:00,APTUSD,5.124,5.139,4.457,4.501,233.0,120997.0,4.654,39.0,563040147.0,20264.427997638624,94313.75530006016
2022-11-14 00:00:00+00:00,APTUSD,4.501,4.563,4.141,4.214,165.0,62884.0,4.312,2.0,271121018.0,10452.984169796691,45074.3580733749
2022-11-15 00:00:00+00:00,APTUSD,4.214,4.463,3.8,4.105,181.0,85546.0,4.205,1.0,359642097.0,14173.270013381823,59628.74666377318
2022-11-16 00:00:00+00:00,APTUSD,4.105,4.7,4.176,4.353,366.0,112876.0,4.471,40.0,504648177.0,18984.12361845265,84879.38882609743
2022-11-17 00:00:00+00:00,APTUSD,4.353,5.0,4.166,4.49,557.0,174856.0,4.574,673.0,799692921.0,28960.045745611413,132439.48219656915
2022-11-18 00:00:00+00:00,APTUSD,4.49,4.787,4.371,4.628,343.0,132520.0,4.618,41.0,611929450.0,22006.20021001392,101617.12809132956
2022-11-19 00:00:00+00:00,APTUSD,4.628,4.92,4.572,4.713,327.0,281194.0,4.636,117.0,1303573462.0,46724.70708476069,216618.4376453676
2022-11-20 00:00:00+00:00,APTUSD,4.713,4.772,4.5,4.616,395.0,192947.0,4.575,100.0,882641391.0,32006.62166967632,146415.78763548928
2022-11-21 00:00:00+00:00,APTUSD,4.616,4.601,4.031,4.08,283.0,232818.0,4.324,873.0,1006589572.0,38365.52044157769,165916.7967580517
2022-11-22 00:00:00+00:00,APTUSD,4.08,4.12,3.876,4.064,210.0,185910.0,4.008,4.0,745064770.0,29726.22282506525,119143.16844203055
2022-11-23 00:00:00+00:00,APTUSD,4.064,4.457,3.885,4.313,167.0,111025.0,4.051,115.0,449696963.0,17582.24007725434,71226.50665923714
2022-11-24 00:00:00+00:00,APTUSD,4.313,4.55,4.3,4.457,138.0,153763.0,4.411,15000.0,678214701.0,25400.05797827164,112036.26383599103
2022-11-25 00:00:00+00:00,APTUSD,4.457,4.703,2.346,4.42,310.0,309991.0,4.402,507.0,1364431534.0,51400.03917513066,226246.19141803423
2022-11-26 00:00:00+00:00,APTUSD,4.42,4.549,4.268,4.442,136.0,111647.0,4.413,1092.0,492588183.0,18407.41308469158,81213.7327008964
2022-11-27 00:00:00+00:00,APTUSD,4.442,5.005,4.448,4.752,569.0,649581.0,4.823,1500.0,3132597972.0,107235.62284309608,517151.8548091627
2022-11-28 00:00:00+00:00,APTUSD,4.752,5.027,4.601,4.773,619.0,467761.0,4.728,320.0,2211276779.0,77403.6272732565,365916.1434742003
2022-11-29 00:00:00+00:00,APTUSD,4.773,4.7,4.332,4.462,148.0,99141.0,4.503,625.0,446422564.0,16159.270655719807,72776.8852708409
2022-11-30 00:00:00+00:00,APTUSD,4.462,4.759,4.555,4.71,619.0,552846.0,4.705,77.0,2601113050.0,91081.17903240005,428535.6860459065
2022-12-01 00:00:00+00:00,APTUSD,4.71,5.099,4.567,4.775,476.0,405631.0,4.759,100.0,1930327169.0,68486.27934701592,325926.03865667334
2022-12-02 00:00:00+00:00,APTUSD,4.775,5.0,4.0,4.656,2246.0,5087813.0,4.679,5500.0,23802877661.0,866603.3218074148,4054432.4257584433
2022-12-03 00:00:00+00:00,APTUSD,4.656,5.1,4.548,4.895,1157.0,2850772.0,4.74,10329.0,13511829579.0,483763.0118331516,2292990.184720908
2022-12-04 00:00:00+00:00,APTUSD,4.895,5.222,4.8,5.102,6641.0,18700630.0,5.035,3500.0,94142055415.0,3171718.053407653,15966917.574363371
2022-12-05 00:00:00+00:00,APTUSD,5.102,5.366,5.088,5.185,6843.0,16002258.0,5.164,14622.0,82634168121.0,2725028.627775713,14071686.23622341
2022-12-06 00:00:00+00:00,APTUSD,5.185,5.5,4.791,5.182,2298.0,5185171.0,5.279,672.0,27367917577.0,890002.7315976723,4697844.405281514
2022-12-07 00:00:00+00:00,APTUSD,5.182,5.6,4.9,4.99,761.0,1596761.0,5.227,1203.0,8345240403.0,271818.72525264765,1420629.761753164
2022-12-08 00:00:00+00:00,APTUSD,4.99,5.104,4.697,4.751,265.0,210850.0,4.898,92.0,1032562162.0,35717.489973616975,174924.81308443093
2022-12-09 00:00:00+00:00,APTUSD,4.751,5.022,4.716,4.886,187.0,206504.0,4.842,1.0,999884232.0,34847.27084060774,168730.9148374352
2022-12-10 00:00:00+00:00,APTUSD,4.886,4.95,4.748,4.748,68.0,13216.0,4.89,50.0,64621225.0,2275.764497072608,11127.64010425669
2022-12-11 00:00:00+00:00,APTUSD,4.748,5.0,4.736,4.8,30.0,9821.0,4.809,1.0,47225364.0,1683.839602935882,8096.9293521527
2022-12-12 00:00:00+00:00,APTUSD,4.8,5.445,4.7,4.7,106.0,32480.0,4.773,17.0,155004055.0,5567.435385645455,26569.655271076364
2022-12-13 00:00:00+00:00,APTUSD,4.7,4.98,4.348,4.399,172.0,58893.0,4.476,2.0,263554187.0,9984.411422187091,44681.70518121623
2022-12-14 00:00:00+00:00,APTUSD,4.399,4.808,4.299,4.808,247.0,313914.0,4.376,1.0,1373515688.0,53936.32039745007,236000.34228092703
2022-12-15 00:00:00+00:00,APTUSD,4.808,4.707,4.6,4.6,7.0,335.0,4.691,30.0,1571157.0,59.64782524271128,279.7451030014379
2022-12-16 00:00:00+00:00,APTUSD,4.6,4.783,4.2,4.769,38.0,4824.0,4.584,14.0,22110513.0,844.9071325418787,3873.172322710916
2022-12-17 00:00:00+00:00,APTUSD,4.769,4.768,4.001,4.001,35.0,11789.0,4.093,300.0,48245665.0,1984.1004550993969,8121.095858449026
2022-12-18 00:00:00+00:00,APTUSD,4.001,4.5,4.2,4.2,3.0,523.0,4.204,17.0,2198400.0,87.44122623761405,367.5542542461556
2022-12-19 00:00:00+00:00,APTUSD,4.2,4.101,3.888,4.101,5.0,1555.0,4.096,723.0,6368136.0,260.79184626469225,1068.0160864849367
2022-12-20 00:00:00+00:00,APTUSD,4.101,4.2,3.689,3.689,17.0,13735.0,3.877,538.0,53246288.0,2273.636119678862,8815.44174188357
2022-12-21 00:00:00+00:00,APTUSD,3.689,4.15,3.85,3.913,25.0,1909.0,3.876,35.0,7397418.0,320.7594876037625,1242.9209096009663
2022-12-22 00:00:00+00:00,APTUSD,3.913,3.916,3.7,3.8,26.0,4765.0,3.73,1.0,17772819.0,801.3461132916646,2988.9319739409543
2022-12-23 00:00:00+00:00,APTUSD,3.8,3.954,3.6,3.6,13.0,857.0,3.678,99.0,3151967.0,142.89316922599872,525.6193029636336
2022-12-24 00:00:00+00:00,APTUSD,3.6,3.9,3.626,3.626,6.0,6.0,3.793,1.0,22757.0,1.0106681798876975,3.8332927925185807
2022-12-25 00:00:00+00:00,APTUSD,3.626,3.9,3.9,3.9,2.0,100.0,3.9,10.0,390000.0,16.840687100033684,65.67867969013136
2022-12-26 00:00:00+00:00,APTUSD,3.9,3.989,3.562,3.562,22.0,1636.0,3.763,4.0,6154701.0,275.2421700496619,1035.4803309785664
2022-12-27 00:00:00+00:00,APTUSD,3.562,3.62,3.62,3.62,1.0,750.0,3.62,750.0,2715000.0,126.32642748863064,457.30166750884285
2022-12-28 00:00:00+00:00,APTUSD,3.62,3.79,3.53,3.53,37.0,2212.0,3.606,46.0,7976243.0,371.2769525054197,1338.8191442944235
2022-12-29 00:00:00+00:00,APTUSD,3.53,3.547,3.11,3.23,52.0,10765.0,3.303,2189.0,35546037.0,1795.3573742533213,5928.471151023498
2022-12-30 00:00:00+00:00,APTUSD,3.23,3.508,3.076,3.15,24.0,14091.0,3.178,50.0,44773932.0,2330.905528885644,7406.764464547345
2022-12-31 00:00:00+00:00,APTUSD,3.15,3.988,3.17,3.599,41.0,11257.0,3.253,3.0,36609008.0,1867.3572234547416,6072.578723258872
2023-01-01 00:00:00+00:00,APTUSD,3.599,3.6,3.232,3.599,8.0,221.0,3.567,1.0,788247.0,36.5833084039346,130.48292807886696
2023-01-02 00:00:00+00:00,APTUSD,3.599,3.6,3.258,3.6,8.0,1023.0,3.265,6.0,3339766.0,168.9795467297617,551.6706223105203
2023-01-03 00:00:00+00:00,APTUSD,3.6,3.8,3.311,3.726,75.0,1623181.0,3.507,1.0,5692008199.0,270090.3505070585,947141.6756926184
2023-01-04 00:00:00+00:00,APTUSD,3.726,3.87,3.76,3.86,11.0,3010.0,3.863,950.0,11627100.0,500.9172991214896,1934.955651743019
2023-01-05 00:00:00+00:00,APTUSD,3.86,4.2,3.7,3.78,37.0,7969.0,3.841,1.0,30606380.0,1340.670839912908,5149.362710514148
2023-01-06 00:00:00+00:00,APTUSD,3.78,3.8,3.685,3.725,3.0,153.0,3.74,122.0,572135.0,25.74204492586053,96.26028848041216
2023-01-07 00:00:00+00:00,APTUSD,3.725,3.876,3.65,3.866,15.0,21600.0,3.86,4834.0,83361720.0,3660.221302749223,14126.421193056514
2023-01-08 00:00:00+00:00,APTUSD,3.866,3.84,3.84,3.84,2.0,1750.0,3.84,1571.0,6720000.0,296.35901778154107,1138.0186282811178
2023-01-09 00:00:00+00:00,APTUSD,3.84,3.8,3.773,3.773,4.0,227.0,3.784,137.0,858901.0,38.435489332881815,145.42854724009482
2023-01-10 00:00:00+00:00,APTUSD,3.773,5.6,3.888,5.388,197.0,6963560.0,4.099,20.0,28537614635.0,1202255.1309661178,4927001.356703917
2023-01-11 00:00:00+00:00,APTUSD,5.388,5.988,4.846,4.9,129.0,71402.0,5.526,40.0,394517251.0,12313.60254803771,68036.50821744223
2023-01-12 00:00:00+00:00,APTUSD,4.9,5.98,5.035,5.279,57.0,18665.0,5.439,500.0,101505411.0,3266.426500901918,17762.766214127234
2023-01-13 00:00:00+00:00,APTUSD,5.279,6.6,5.032,6.503,454.0,3898647.0,5.386,407.0,20995603318.0,709340.533523882,3820638.571461996
2023-01-14 00:00:00+00:00,APTUSD,6.503,7.1,6.051,6.8,238.0,26854.0,6.674,358.0,179207050.0,5105.792121422327,34081.24313562398
2023-01-15 00:00:00+00:00,APTUSD,6.8,8.321,6.178,7.806,713.0,2897918.0,7.071,1675.0,20489085897.0,607632.4841691931,4296118.073979193
2023-01-16 00:00:00+00:00,APTUSD,7.806,8.977,6.701,8.0,229.0,15976.0,7.897,1.0,126160856.0,3315.0919501210774,26180.76718159691
2023-01-17 00:00:00+00:00,APTUSD,8.0,9.3,7.759,7.9,322.0,1023059.0,8.402,35.0,8595498815.0,213136.88425174908,1790736.0524463854
2023-01-18 00:00:00+00:00,APTUSD,7.9,8.399,7.581,7.591,336.0,45897.0,7.958,2.0,365236284.0,9729.737287087068,77426.25398965705
2023-01-19 00:00:00+00:00,APTUSD,7.591,8.829,7.01,7.625,1988.0,286985.0,7.781,150.0,2232940908.0,60392.79406614745,469821.5637210541
2023-01-20 00:00:00+00:00,APTUSD,7.625,8.122,7.55,7.891,1442.0,214459.0,7.797,203.0,1672127215.0,44670.86528574112,348309.47263012896
2023-01-21 00:00:00+00:00,APTUSD,7.891,11.35,7.758,10.977,2829.0,4406476.0,10.913,42.0,48085584626.0,989111.42771988,10802360.996744292
2023-01-22 00:00:00+00:00,APTUSD,10.977,13.928,10.413,11.749,3041.0,417428.0,12.34,1.0,5150932022.0,95103.35979486148,1173818.9490317851
2023-01-23 00:00:00+00:00,APTUSD,11.749,15.0,11.771,13.323,2508.0,240059.0,13.499,166.0,3240460015.0,54729.98757782568,738831.4459114512
2023-01-24 00:00:00+00:00,APTUSD,13.323,15.0,12.0,12.888,1046.0,95011.0,13.427,1.0,1275632153.0,21693.131688276,291227.537815605
2023-01-25 00:00:00+00:00,APTUSD,12.888,13.615,11.56,12.356,834.0,70323.0,12.759,179.0,897225703.0,16117.120241485723,205669.59111255093
2023-01-26 00:00:00+00:00,APTUSD,12.356,18.724,12.271,18.294,4996.0,378018.0,15.666,319.0,5921981352.0,86020.31666966496,1348652.2905083888
2023-01-27 00:00:00+00:00,APTUSD,18.294,20.09,17.202,18.191,4430.0,549701.0,18.528,94.0,10184795801.0,126753.14327582809,2348643.326772719
2023-01-28 00:00:00+00:00,APTUSD,18.191,18.792,17.281,17.745,2642.0,204526.0,18.028,5.0,3687001941.0,47088.83294561798,848912.1875883065
2023-01-29 00:00:00+00:00,APTUSD,17.745,18.999,16.338,17.784,2533.0,199908.0,17.768,50.0,3551867057.0,46036.42872491735,818006.1807895568
2023-01-30 00:00:00+00:00,APTUSD,17.784,19.899,17.0,18.35,2655.0,235438.0,18.107,630.0,4262910733.0,55248.38081181962,1000339.1070088812
2023-01-31 00:00:00+00:00,APTUSD,18.35,20.312,16.001,17.246,3927.0,280823.0,17.985,110.0,5050393110.0,65438.31501171957,1177408.2546448628
2023-02-01 00:00:00+00:00,APTUSD,17.246,17.49,16.001,16.759,1885.0,198207.0,16.816,120.0,3332904280.0,45567.445746922094,766286.2496047828
2023-02-02 00:00:00+00:00,APTUSD,16.759,18.389,15.595,18.232,3292.0,389877.0,16.704,125.0,6512130919.0,90521.8160888883,1512693.1107579244
2023-02-03 00:00:00+00:00,APTUSD,18.232,18.689,16.901,17.174,4339.0,472022.0,18.065,110.0,8526941538.0,112439.6488265641,2031305.456560627
2023-02-04 00:00:00+00:00,APTUSD,17.174,17.499,16.529,17.12,637.0,103348.0,16.961,1000.0,1752882945.0,24296.22310919016,412103.9574453174
2023-02-05 00:00:00+00:00,APTUSD,17.12,17.001,16.338,16.518,626.0,119527.0,16.692,125.0,1995111924.0,27952.89848396415,466589.1336906187
2023-02-06 00:00:00+00:00,APTUSD,16.518,17.1,14.812,15.44,5229.0,900399.0,16.103,5.0,14498988663.0,209068.13408335947,3367269.0585316326
2023-02-07 00:00:00+00:00,APTUSD,15.44,15.981,14.399,14.931,5726.0,693515.0,15.118,145.0,10483938071.0,158810.7214539652,2400877.7757521663
2023-02-08 00:00:00+00:00,APTUSD,14.931,16.239,14.929,16.085,3453.0,565654.0,15.45,75.0,8738859748.0,129620.36998382615,2002695.593744356
2023-02-09 00:00:00+00:00,APTUSD,16.085,16.499,14.748,15.107,2424.0,392770.0,15.619,100.0,6134403905.0,90824.5415657995,1418690.9355641336
2023-02-10 00:00:00+00:00,APTUSD,15.107,15.07,12.338,13.365,1623.0,309328.0,13.872,170.0,4290560646.0,69106.35854071184,959107.3774071678
2023-02-11 00:00:00+00:00,APTUSD,13.365,13.831,12.646,13.691,334.0,94557.0,13.25,618.0,1252782965.0,20544.90668907413,272186.3501615017
2023-02-12 00:00:00+00:00,APTUSD,13.691,14.554,13.281,13.934,385.0,1395249.0,13.977,164.0,19500452398.0,304290.55081697274,4252886.936151358
2023-02-13 00:00:00+00:00,APTUSD,13.934,14.187,12.938,13.113,1691.0,503700.0,13.519,42.0,6809227997.0,109935.08008348852,1486208.1808856323
2023-02-14 00:00:00+00:00,APTUSD,13.113,13.8,12.361,13.765,743.0,282386.0,13.205,168.0,3728626229.0,61162.583018438505,807597.9772861553
2023-02-15 00:00:00+00:00,APTUSD,13.765,14.777,13.525,14.74,378.0,4075704.0,13.906,180.0,56676495521.0,886718.6168639055,12330801.774254614
2023-02-16 00:00:00+00:00,APTUSD,14.74,16.4,14.136,15.995,1354.0,176482.0,14.899,1.0,2629323522.0,40260.94272448411,600392.7301579646
2023-02-17 00:00:00+00:00,APTUSD,15.995,16.677,14.605,14.765,1739.0,148851.0,16.019,1.0,2384278317.0,36614.08528278497,586577.654439221
2023-02-18 00:00:00+00:00,APTUSD,14.74,14.96,14.16,14.45,,205314.04,,,,,
2023-02-19 00:00:00+00:00,APTUSD,14.45,14.81,13.8,14.11,,408454.87,,,,,
2023-02-20 00:00:00+00:00,APTUSD,14.11,14.38,13.66,14.22,,241440.34,,,,,
2023-02-21 00:00:00+00:00,APTUSD,14.22,14.27,13.06,13.45,,252961.65,,,,,
2023-02-22 00:00:00+00:00,APTUSD,13.45,13.96,12.77,13.9,,501887.28,,,,,
2023-02-23 00:00:00+00:00,APTUSD,13.9,14.15,13.23,13.46,,322174.89,,,,,
2023-02-24 00:00:00+00:00,APTUSD,13.46,13.78,12.46,12.86,,300543.64,,,,,
2023-02-25 00:00:00+00:00,APTUSD,12.86,12.89,11.53,12.26,,464005.77,,,,,
2023-02-26 00:00:00+00:00,APTUSD,12.26,12.92,12.13,12.65,,178211.72,,,,,
2023-02-27 00:00:00+00:00,APTUSD,12.65,13.04,12.12,12.38,,172619.05,,,,,
2023-02-28 00:00:00+00:00,APTUSD,12.38,12.43,11.79,11.88,,209155.62,,,,,
2023-03-01 00:00:00+00:00,APTUSD,11.88,13.45,11.84,13.44,,549186.27,,,,,
2023-03-02 00:00:00+00:00,APTUSD,13.44,13.71,12.56,12.85,,387210.95,,,,,
2023-03-03 00:00:00+00:00,APTUSD,12.85,12.87,11.34,11.74,,382672.34,,,,,
2023-03-04 00:00:00+00:00,APTUSD,11.74,11.82,10.66,11.28,,198411.17,,,,,
2023-03-05 00:00:00+00:00,APTUSD,11.28,11.51,11.04,11.18,,235515.09,,,,,
2023-03-06 00:00:00+00:00,APTUSD,11.18,11.5,10.97,11.28,,279942.43,,,,,
2023-03-07 00:00:00+00:00,APTUSD,11.28,11.71,10.69,11.12,,492600.37,,,,,
2023-03-08 00:00:00+00:00,APTUSD,11.12,11.2,10.25,10.51,,200950.18,,,,,
2023-03-09 00:00:00+00:00,APTUSD,10.51,11.46,10.45,11.11,,624954.17,,,,,
2023-03-10 00:00:00+00:00,APTUSD,11.11,11.65,9.73,10.83,,804727.4,,,,,
2023-03-11 00:00:00+00:00,APTUSD,10.83,11.21,9.979,10.5,,563868.72,,,,,
2023-03-12 00:00:00+00:00,APTUSD,10.5,12.09,10.16,11.94,,500301.87,,,,,
2023-03-13 00:00:00+00:00,APTUSD,11.94,12.76,11.43,12.36,,684170.03,,,,,
2023-03-14 00:00:00+00:00,APTUSD,12.36,14.66,12.08,13.62,,1032912.4,,,,,
2023-03-15 00:00:00+00:00,APTUSD,13.62,14.19,12.01,12.27,,791884.06,,,,,
2023-03-16 00:00:00+00:00,APTUSD,12.27,12.5,11.87,12.4,,390713.31,,,,,
2023-03-17 00:00:00+00:00,APTUSD,12.4,13.65,12.14,13.57,,510065.08,,,,,
2023-03-18 00:00:00+00:00,APTUSD,13.57,14.23,12.71,12.81,,485146.58,,,,,
2023-03-19 00:00:00+00:00,APTUSD,12.81,13.52,12.69,13.05,,233050.0,,,,,
2023-03-20 00:00:00+00:00,APTUSD,13.05,13.18,12.04,12.14,,255284.84,,,,,
2023-03-21 00:00:00+00:00,APTUSD,12.14,12.56,11.73,12.3,,238201.61,,,,,
2023-03-22 00:00:00+00:00,APTUSD,12.3,13.21,11.79,13.17,,509987.27,,,,,
2023-03-23 00:00:00+00:00,APTUSD,13.17,13.35,12.42,13.29,,358052.21,,,,,
2023-03-24 00:00:00+00:00,APTUSD,13.29,13.29,12.06,12.22,,266620.75,,,,,
2023-03-25 00:00:00+00:00,APTUSD,12.22,12.28,11.45,11.6,,146173.68,,,,,
2023-03-26 00:00:00+00:00,APTUSD,11.6,12.02,11.43,11.86,,133418.0,,,,,
2023-03-27 00:00:00+00:00,APTUSD,11.86,12.02,10.86,11.13,,228112.82,,,,,
2023-03-28 00:00:00+00:00,APTUSD,11.13,11.31,10.83,11.25,,122305.67,,,,,
2023-03-29 00:00:00+00:00,APTUSD,11.25,11.78,11.23,11.65,,149308.92,,,,,
2023-03-30 00:00:00+00:00,APTUSD,11.65,11.83,10.87,11.15,,208633.29,,,,,
2023-03-31 00:00:00+00:00,APTUSD,11.15,11.45,11.06,11.38,,155922.49,,,,,
2023-04-01 00:00:00+00:00,APTUSD,11.38,11.51,11.07,11.27,,87207.16,,,,,
2023-04-02 00:00:00+00:00,APTUSD,11.27,12.55,11.15,12.17,,352556.15,,,,,
2023-04-03 00:00:00+00:00,APTUSD,12.17,12.17,11.01,11.33,,258585.0,,,,,
2023-04-04 00:00:00+00:00,APTUSD,11.33,11.56,11.14,11.47,,150693.04,,,,,
2023-04-05 00:00:00+00:00,APTUSD,11.47,12.01,11.26,11.56,,198863.1,,,,,
2023-04-06 00:00:00+00:00,APTUSD,11.56,11.7,11.23,11.47,,183938.0,,,,,
2023-04-07 00:00:00+00:00,APTUSD,11.47,11.52,11.05,11.16,,74160.44,,,,,
2023-04-08 00:00:00+00:00,APTUSD,11.16,11.31,10.63,11.03,,294977.47,,,,,
2023-04-09 00:00:00+00:00,APTUSD,11.03,11.15,10.86,11.07,,116842.64,,,,,
2023-04-10 00:00:00+00:00,APTUSD,11.07,11.49,10.9,11.47,,356715.3,,,,,
2023-04-11 00:00:00+00:00,APTUSD,11.47,12.11,11.32,11.75,,534366.5,,,,,
2023-04-12 00:00:00+00:00,APTUSD,11.75,11.98,11.13,11.37,,397580.97,,,,,
2023-04-13 00:00:00+00:00,APTUSD,11.37,12.51,11.27,12.39,,598087.54,,,,,
2023-04-14 00:00:00+00:00,APTUSD,12.39,13.56,12.19,12.68,,842329.52,,,,,
2023-04-15 00:00:00+00:00,APTUSD,12.68,12.9,12.44,12.55,,235522.82,,,,,
2023-04-16 00:00:00+00:00,APTUSD,12.55,12.75,12.3,12.6,,297415.33,,,,,
2023-04-17 00:00:00+00:00,APTUSD,12.6,12.84,12.14,12.31,,289761.25,,,,,
2023-04-18 00:00:00+00:00,APTUSD,12.31,12.76,12.15,12.72,,292953.34,,,,,
2023-04-19 00:00:00+00:00,APTUSD,12.72,13.11,11.11,11.31,,686896.52,,,,,
2023-04-20 00:00:00+00:00,APTUSD,11.31,11.47,10.85,11.04,,404142.24,,,,,
2023-04-21 00:00:00+00:00,APTUSD,11.04,11.19,9.866,10.16,,345750.0,,,,,
2023-04-22 00:00:00+00:00,APTUSD,10.16,10.43,9.979,10.32,,212582.61,,,,,
2023-04-23 00:00:00+00:00,APTUSD,10.32,10.33,9.771,10.23,,153352.72,,,,,
2023-04-24 00:00:00+00:00,APTUSD,10.23,10.41,9.985,10.23,,152220.95,,,,,
2023-04-25 00:00:00+00:00,APTUSD,10.23,10.47,9.794,10.37,,134824.4,,,,,
2023-04-26 00:00:00+00:00,APTUSD,10.37,10.87,9.485,10.04,,242251.07,,,,,
2023-04-27 00:00:00+00:00,APTUSD,10.04,10.38,9.975,10.18,,171427.77,,,,,
2023-04-28 00:00:00+00:00,APTUSD,10.18,10.23,9.903,10.17,,69283.82,,,,,
2023-04-29 00:00:00+00:00,APTUSD,10.17,10.89,10.12,10.75,,274813.61,,,,,
2023-04-30 00:00:00+00:00,APTUSD,10.75,10.91,10.29,10.3,,202372.09,,,,,
2023-05-01 00:00:00+00:00,APTUSD,10.3,10.34,8.938,9.924,,178956.14,,,,,
2023-05-02 00:00:00+00:00,APTUSD,9.924,9.995,9.774,9.921,,114458.35,,,,,
2023-05-03 00:00:00+00:00,APTUSD,9.921,10.14,9.467,10.02,,180515.44,,,,,
2023-05-04 00:00:00+00:00,APTUSD,10.02,10.02,9.589,9.681,,68797.64,,,,,
2023-05-05 00:00:00+00:00,APTUSD,9.681,9.913,9.568,9.848,,55635.34,,,,,
2023-05-06 00:00:00+00:00,APTUSD,9.848,9.897,9.034,9.224,,129204.71,,,,,
2023-05-07 00:00:00+00:00,APTUSD,9.224,9.437,9.163,9.225,,80663.74,,,,,
2023-05-08 00:00:00+00:00,APTUSD,9.225,9.284,8.06,8.329,,352983.88,,,,,
2023-05-09 00:00:00+00:00,APTUSD,8.329,8.394,8.114,8.371,,84782.8,,,,,
2023-05-10 00:00:00+00:00,APTUSD,8.371,8.767,8.055,8.636,,308092.86,,,,,
2023-05-11 00:00:00+00:00,APTUSD,8.636,8.636,7.895,8.07,,172059.21,,,,,
2023-05-12 00:00:00+00:00,APTUSD,8.07,8.333,7.749,8.309,,211779.42,,,,,
2023-05-13 00:00:00+00:00,APTUSD,8.309,8.361,8.171,8.273,,53785.87,,,,,
2023-05-14 00:00:00+00:00,APTUSD,8.273,8.707,8.1,8.471,,80366.85,,,,,
2023-05-15 00:00:00+00:00,APTUSD,8.471,8.999,8.3,8.614,,146677.82,,,,,
2023-05-16 00:00:00+00:00,APTUSD,8.614,8.729,8.433,8.541,,102859.39,,,,,
2023-05-17 00:00:00+00:00,APTUSD,8.541,8.871,8.332,8.713,,119425.24,,,,,
2023-05-18 00:00:00+00:00,APTUSD,8.713,8.748,8.34,8.524,,169538.52,,,,,
2023-05-19 00:00:00+00:00,APTUSD,8.524,8.539,8.361,8.44,,261027.67,,,,,
2023-05-20 00:00:00+00:00,APTUSD,8.44,8.51,8.331,8.45,,207987.46,,,,,
2023-05-21 00:00:00+00:00,APTUSD,8.45,8.48,8.063,8.16,,61256.56,,,,,
2023-05-22 00:00:00+00:00,APTUSD,8.16,8.209,7.982,8.101,,149956.54,,,,,
2023-05-23 00:00:00+00:00,APTUSD,8.101,8.553,8.021,8.514,,113953.07,,,,,
2023-05-24 00:00:00+00:00,APTUSD,8.514,8.527,7.946,8.08,,160881.32,,,,,
2023-05-25 00:00:00+00:00,APTUSD,8.08,8.089,7.753,7.97,,221335.99,,,,,
2023-05-26 00:00:00+00:00,APTUSD,7.97,8.158,7.831,8.062,,77451.01,,,,,
2023-05-27 00:00:00+00:00,APTUSD,8.062,8.258,8.043,8.234,,81838.47,,,,,
2023-05-28 00:00:00+00:00,APTUSD,8.234,8.647,8.205,8.525,,156673.25,,,,,
2023-05-29 00:00:00+00:00,APTUSD,8.525,8.628,8.224,8.504,,168130.07,,,,,
2023-05-30 00:00:00+00:00,APTUSD,8.504,8.605,8.393,8.501,,95921.35,,,,,
2023-05-31 00:00:00+00:00,APTUSD,8.501,8.792,8.178,8.356,,299055.6,,,,,
2023-06-01 00:00:00+00:00,APTUSD,8.356,8.648,8.286,8.557,,184605.83,,,,,
2023-06-02 00:00:00+00:00,APTUSD,8.557,9.18,8.41,9.054,,360650.49,,,,,
2023-06-03 00:00:00+00:00,APTUSD,9.054,9.187,8.89,8.982,,56126.21,,,,,
2023-06-04 00:00:00+00:00,APTUSD,8.982,9.412,8.843,9.185,,176158.0,,,,,
2023-06-05 00:00:00+00:00,APTUSD,9.185,9.235,7.894,8.128,,415783.5,,,,,
2023-06-06 00:00:00+00:00,APTUSD,8.128,8.352,7.63,8.239,,250351.09,,,,,
2023-06-07 00:00:00+00:00,APTUSD,8.239,8.248,7.632,7.708,,205341.35,,,,,
2023-06-08 00:00:00+00:00,APTUSD,7.708,7.817,7.552,7.688,,118702.77,,,,,
2023-06-09 00:00:00+00:00,APTUSD,7.688,7.777,7.28,7.447,,142122.53,,,,,
2023-06-10 00:00:00+00:00,APTUSD,7.447,7.447,5.42,6.018,,605802.09,,,,,
2023-06-11 00:00:00+00:00,APTUSD,6.018,6.705,5.863,6.251,,368814.18,,,,,
2023-06-12 00:00:00+00:00,APTUSD,6.251,6.455,6.093,6.26,,333248.35,,,,,
2023-06-13 00:00:00+00:00,APTUSD,6.26,6.529,6.096,6.251,,223298.9,,,,,
2023-06-14 00:00:00+00:00,APTUSD,6.251,6.426,5.909,6.034,,256366.83,,,,,
2023-06-15 00:00:00+00:00,APTUSD,6.034,6.286,5.954,6.22,,162515.29,,,,,
2023-06-16 00:00:00+00:00,APTUSD,6.22,6.328,6.022,6.3,,140431.31,,,,,
2023-06-17 00:00:00+00:00,APTUSD,6.3,7.065,6.221,6.999,,269094.96,,,,,
2023-06-18 00:00:00+00:00,APTUSD,6.999,7.243,6.57,6.729,,154397.7,,,,,
2023-06-19 00:00:00+00:00,APTUSD,6.729,7.036,6.671,6.95,,83065.25,,,,,
2023-06-20 00:00:00+00:00,APTUSD,6.95,7.278,6.661,7.222,,171338.28,,,,,
2023-06-21 00:00:00+00:00,APTUSD,7.222,7.595,7.094,7.469,,238599.28,,,,,
2023-06-22 00:00:00+00:00,APTUSD,7.469,7.823,7.298,7.37,,222652.87,,,,,
2023-06-23 00:00:00+00:00,APTUSD,7.37,7.955,7.303,7.647,,215598.22,,,,,
2023-06-24 00:00:00+00:00,APTUSD,7.647,7.747,7.152,7.347,,166193.2,,,,,
2023-06-25 00:00:00+00:00,APTUSD,7.347,7.952,7.333,7.55,,166274.17,,,,,
2023-06-26 00:00:00+00:00,APTUSD,7.55,7.719,7.188,7.279,,287634.81,,,,,
2023-06-27 00:00:00+00:00,APTUSD,7.279,7.535,7.271,7.43,,87350.01,,,,,
2023-06-28 00:00:00+00:00,APTUSD,7.43,7.43,6.672,6.93,,226116.21,,,,,
2023-06-29 00:00:00+00:00,APTUSD,6.93,7.568,6.882,7.15,,200859.15,,,,,
2023-06-30 00:00:00+00:00,APTUSD,7.15,7.5,6.677,7.242,,183438.82,,,,,
2023-07-01 00:00:00+00:00,APTUSD,7.242,7.398,7.049,7.398,,82403.95,,,,,
2023-07-02 00:00:00+00:00,APTUSD,7.398,7.44,7.111,7.331,,207377.52,,,,,
2023-07-03 00:00:00+00:00,APTUSD,7.331,7.618,7.312,7.509,,202468.72,,,,,
2023-07-04 00:00:00+00:00,APTUSD,7.509,8.317,7.492,7.661,,409034.05,,,,,
2023-07-05 00:00:00+00:00,APTUSD,7.661,7.938,7.292,7.43,,242315.52,,,,,
2023-07-06 00:00:00+00:00,APTUSD,7.43,7.699,7.076,7.113,,127333.03,,,,,
2023-07-07 00:00:00+00:00,APTUSD,7.113,7.278,7.036,7.22,,163632.41,,,,,
2023-07-08 00:00:00+00:00,APTUSD,7.22,7.26,6.895,7.07,,124666.33,,,,,
2023-07-09 00:00:00+00:00,APTUSD,7.07,7.237,7.02,7.09,,104540.66,,,,,
2023-07-10 00:00:00+00:00,APTUSD,7.09,7.198,6.817,7.099,,187004.11,,,,,
2023-07-11 00:00:00+00:00,APTUSD,7.099,7.13,6.912,7.04,,109389.08,,,,,
2023-07-12 00:00:00+00:00,APTUSD,7.04,7.115,6.851,6.981,,131818.28,,,,,
2023-07-13 00:00:00+00:00,APTUSD,6.981,7.7,6.921,7.568,,257580.74,,,,,
2023-07-14 00:00:00+00:00,APTUSD,7.568,7.984,7.093,7.38,,380828.01,,,,,
2023-07-15 00:00:00+00:00,APTUSD,7.38,7.558,7.252,7.459,,86254.94,,,,,
2023-07-16 00:00:00+00:00,APTUSD,7.459,7.629,7.321,7.41,,85601.1,,,,,
2023-07-17 00:00:00+00:00,APTUSD,7.41,7.938,7.38,7.812,,140083.79,,,,,
2023-07-18 00:00:00+00:00,APTUSD,7.812,8.18,7.4,7.6,,335261.02,,,,,
2023-07-19 00:00:00+00:00,APTUSD,7.6,7.728,7.441,7.558,,72879.7,,,,,
2023-07-20 00:00:00+00:00,APTUSD,7.558,7.698,7.331,7.43,,76095.09,,,,,
2023-07-21 00:00:00+00:00,APTUSD,7.43,7.588,7.353,7.54,,62793.78,,,,,
2023-07-22 00:00:00+00:00,APTUSD,7.54,7.759,7.531,7.677,,110163.68,,,,,
2023-07-23 00:00:00+00:00,APTUSD,7.677,7.788,7.511,7.579,,57408.42,,,,,
2023-07-24 00:00:00+00:00,APTUSD,7.579,7.581,7.001,7.052,,119755.93,,,,,
2023-07-25 00:00:00+00:00,APTUSD,7.052,7.072,6.853,6.98,,211918.05,,,,,
2023-07-26 00:00:00+00:00,APTUSD,6.98,7.129,6.821,7.01,,72793.31,,,,,
2023-07-27 00:00:00+00:00,APTUSD,7.01,7.14,6.927,7.071,,39237.14,,,,,
2023-07-28 00:00:00+00:00,APTUSD,7.071,7.11,6.973,7.07,,37990.73,,,,,
2023-07-29 00:00:00+00:00,APTUSD,7.07,7.15,7.05,7.14,,21977.26,,,,,
2023-07-30 00:00:00+00:00,APTUSD,7.14,7.189,6.854,7.022,,40203.99,,,,,
2023-07-31 00:00:00+00:00,APTUSD,7.022,7.1,6.94,7.048,,31739.04,,,,,
2023-08-01 00:00:00+00:00,APTUSD,7.048,7.073,6.773,7.063,,59716.45,,,,,
2023-08-02 00:00:00+00:00,APTUSD,7.063,7.072,6.811,6.86,,140335.78,,,,,
2023-08-03 00:00:00+00:00,APTUSD,6.86,6.92,6.706,6.763,,42688.95,,,,,
2023-08-04 00:00:00+00:00,APTUSD,6.763,6.846,6.602,6.691,,46906.09,,,,,
2023-08-05 00:00:00+00:00,APTUSD,6.691,6.73,6.621,6.71,,32869.71,,,,,
2023-08-06 00:00:00+00:00,APTUSD,6.71,6.801,6.671,6.7,,95805.09,,,,,
2023-08-07 00:00:00+00:00,APTUSD,6.7,6.769,6.445,6.67,,116391.17,,,,,
2023-08-08 00:00:00+00:00,APTUSD,6.67,6.77,6.602,6.691,,51941.29,,,,,
2023-08-09 00:00:00+00:00,APTUSD,6.691,7.974,6.662,7.41,,717049.64,,,,,
2023-08-10 00:00:00+00:00,APTUSD,7.41,7.606,7.128,7.152,,235316.24,,,,,
2023-08-11 00:00:00+00:00,APTUSD,7.152,7.152,6.97,7.09,,82909.23,,,,,
2023-08-12 00:00:00+00:00,APTUSD,7.09,7.225,7.07,7.193,,85622.65,,,,,
2023-08-13 00:00:00+00:00,APTUSD,7.193,7.241,7.032,7.051,,60174.18,,,,,
2023-08-14 00:00:00+00:00,APTUSD,7.051,7.14,6.992,7.06,,52448.78,,,,,
2023-08-15 00:00:00+00:00,APTUSD,7.06,7.07,6.157,6.533,,189427.28,,,,,
2023-08-16 00:00:00+00:00,APTUSD,6.533,6.539,5.967,6.183,,154170.27,,,,,
2023-08-17 00:00:00+00:00,APTUSD,6.183,6.318,4.971,5.69,,263365.51,,,,,
2023-08-18 00:00:00+00:00,APTUSD,5.69,5.899,5.481,5.821,,85823.56,,,,,
2023-08-19 00:00:00+00:00,APTUSD,5.821,6.065,5.82,6.01,,51772.86,,,,,
2023-08-20 00:00:00+00:00,APTUSD,6.01,6.171,5.931,6.07,,57783.86,,,,,
2023-08-21 00:00:00+00:00,APTUSD,6.07,6.09,5.783,5.942,,73738.29,,,,,
2023-08-22 00:00:00+00:00,APTUSD,5.942,5.97,5.62,5.841,,53842.01,,,,,
2023-08-23 00:00:00+00:00,APTUSD,5.841,6.13,5.82,6.017,,55847.1,,,,,
2023-08-24 00:00:00+00:00,APTUSD,6.017,6.05,5.721,5.818,,36112.81,,,,,
2023-08-25 00:00:00+00:00,APTUSD,5.818,5.829,5.58,5.69,,72675.87,,,,,
2023-08-26 00:00:00+00:00,APTUSD,5.69,5.771,5.661,5.721,,25662.81,,,,,
2023-08-27 00:00:00+00:00,APTUSD,5.721,5.771,5.65,5.699,,26164.25,,,,,
2023-08-28 00:00:00+00:00,APTUSD,5.699,5.749,5.543,5.72,,39776.17,,,,,
2023-08-29 00:00:00+00:00,APTUSD,5.72,5.971,5.581,5.901,,100917.73,,,,,
2023-08-30 00:00:00+00:00,APTUSD,5.901,5.955,5.727,5.79,,95769.97,,,,,
2023-08-31 00:00:00+00:00,APTUSD,5.79,5.809,5.452,5.511,,78107.03,,,,,
2023-09-01 00:00:00+00:00,APTUSD,5.511,5.571,5.392,5.51,,55127.84,,,,,
2023-09-02 00:00:00+00:00,APTUSD,5.51,5.647,5.5,5.58,,44336.89,,,,,
2023-09-03 00:00:00+00:00,APTUSD,5.58,5.59,5.419,5.47,,24785.52,,,,,
2023-09-04 00:00:00+00:00,APTUSD,5.47,5.58,5.423,5.51,,47755.19,,,,,
2023-09-05 00:00:00+00:00,APTUSD,5.51,5.55,5.412,5.53,,83640.28,,,,,
2023-09-06 00:00:00+00:00,APTUSD,5.53,5.589,5.392,5.54,,95878.85,,,,,
2023-09-07 00:00:00+00:00,APTUSD,5.54,5.671,5.481,5.63,,143204.37,,,,,
2023-09-08 00:00:00+00:00,APTUSD,5.63,5.66,5.442,5.511,,122640.48,,,,,
2023-09-09 00:00:00+00:00,APTUSD,5.511,5.521,5.45,5.48,,48776.89,,,,,
2023-09-10 00:00:00+00:00,APTUSD,5.48,5.48,5.116,5.179,,176633.81,,,,,
2023-09-11 00:00:00+00:00,APTUSD,5.179,5.188,4.895,5.01,,212894.51,,,,,
2023-09-12 00:00:00+00:00,APTUSD,5.01,5.204,4.973,5.04,,123944.07,,,,,
2023-09-13 00:00:00+00:00,APTUSD,5.04,5.339,5.033,5.181,,127863.25,,,,,
2023-09-14 00:00:00+00:00,APTUSD,5.181,5.31,5.141,5.22,,95137.44,,,,,
2023-09-15 00:00:00+00:00,APTUSD,5.22,5.307,5.122,5.27,,111706.47,,,,,
2023-09-16 00:00:00+00:00,APTUSD,5.27,5.352,5.25,5.329,,72410.29,,,,,
2023-09-17 00:00:00+00:00,APTUSD,5.329,5.33,5.162,5.23,,89982.79,,,,,
2023-09-18 00:00:00+00:00,APTUSD,5.23,5.37,5.161,5.19,,108416.36,,,,,
2023-09-19 00:00:00+00:00,APTUSD,5.19,5.269,5.124,5.23,,103054.36,,,,,
2023-09-20 00:00:00+00:00,APTUSD,5.23,5.25,5.071,5.161,,91097.97,,,,,
2023-09-21 00:00:00+00:00,APTUSD,5.161,5.24,5.041,5.082,,66158.32,,,,,
2023-09-22 00:00:00+00:00,APTUSD,5.082,5.159,5.07,5.13,,62246.1,,,,,
2023-09-23 00:00:00+00:00,APTUSD,5.13,5.19,5.08,5.15,,60928.93,,,,,
2023-09-24 00:00:00+00:00,APTUSD,5.15,5.45,5.1,5.313,,219533.55,,,,,
2023-09-25 00:00:00+00:00,APTUSD,5.313,5.8,5.313,5.569,,341020.56,,,,,
2023-09-26 00:00:00+00:00,APTUSD,5.569,5.659,5.187,5.311,,137833.4,,,,,
2023-09-27 00:00:00+00:00,APTUSD,5.311,5.341,5.204,5.32,,154101.85,,,,,
2023-09-28 00:00:00+00:00,APTUSD,5.32,5.407,5.271,5.338,,147316.13,,,,,
2023-09-29 00:00:00+00:00,APTUSD,5.338,5.56,5.329,5.391,,124531.49,,,,,
2023-09-30 00:00:00+00:00,APTUSD,5.391,5.51,5.329,5.49,,126189.47,,,,,
2023-10-01 00:00:00+00:00,APTUSD,5.49,5.7,5.44,5.67,,113816.63,,,,,
2023-10-02 00:00:00+00:00,APTUSD,5.67,5.758,5.343,5.441,,287743.08,,,,,
2023-10-03 00:00:00+00:00,APTUSD,5.441,5.46,5.32,5.341,,131551.52,,,,,
2023-10-04 00:00:00+00:00,APTUSD,5.341,5.342,5.104,5.331,,102547.71,,,,,
2023-10-05 00:00:00+00:00,APTUSD,5.331,5.37,5.211,5.22,,54196.02,,,,,
2023-10-06 00:00:00+00:00,APTUSD,5.22,5.369,5.204,5.33,,75228.07,,,,,
2023-10-07 00:00:00+00:00,APTUSD,5.33,5.359,5.24,5.28,,34407.56,,,,,
2023-10-08 00:00:00+00:00,APTUSD,5.28,5.291,5.2,5.2,,41819.97,,,,,
2023-10-09 00:00:00+00:00,APTUSD,5.2,5.223,4.825,4.963,,152376.0,,,,,
2023-10-10 00:00:00+00:00,APTUSD,4.963,4.999,4.821,4.912,,176971.57,,,,,
2023-10-11 00:00:00+00:00,APTUSD,4.912,4.931,4.72,4.831,,207375.91,,,,,
2023-10-12 00:00:00+00:00,APTUSD,4.831,4.937,4.721,4.839,,72407.52,,,,,
2023-10-13 00:00:00+00:00,APTUSD,4.839,4.967,4.804,4.898,,70107.82,,,,,
2023-10-14 00:00:00+00:00,APTUSD,4.898,4.971,4.891,4.95,,52228.97,,,,,
2023-10-15 00:00:00+00:00,APTUSD,4.95,4.956,4.851,4.93,,324617.35,,,,,
2023-10-16 00:00:00+00:00,APTUSD,4.93,5.236,4.91,5.06,,185092.5,,,,,
2023-10-17 00:00:00+00:00,APTUSD,5.06,5.147,4.873,5.009,,178652.16,,,,,
2023-10-18 00:00:00+00:00,APTUSD,5.009,5.04,4.893,4.95,,99699.65,,,,,
2023-10-19 00:00:00+00:00,APTUSD,4.95,5.041,4.792,4.909,,171253.35,,,,,
2023-10-20 00:00:00+00:00,APTUSD,4.909,5.201,4.891,5.05,,178357.98,,,,,
2023-10-21 00:00:00+00:00,APTUSD,5.05,5.861,5.05,5.548,,584265.01,,,,,
2023-10-22 00:00:00+00:00,APTUSD,5.548,6.289,5.46,6.158,,683213.86,,,,,
2023-10-23 00:00:00+00:00,APTUSD,6.158,6.398,5.785,6.199,,756290.02,,,,,
2023-10-24 00:00:00+00:00,APTUSD,6.199,6.634,5.963,6.308,,672940.62,,,,,
2023-10-25 00:00:00+00:00,APTUSD,6.308,7.025,6.242,6.934,,556807.76,,,,,
2023-10-26 00:00:00+00:00,APTUSD,6.934,6.956,6.287,6.53,,382320.12,,,,,
2023-10-27 00:00:00+00:00,APTUSD,6.53,6.77,6.303,6.561,,333342.39,,,,,
2023-10-28 00:00:00+00:00,APTUSD,6.561,6.855,6.552,6.84,,223437.44,,,,,
2023-10-29 00:00:00+00:00,APTUSD,6.84,6.895,6.674,6.722,,165686.64,,,,,
2023-10-30 00:00:00+00:00,APTUSD,6.722,6.972,6.68,6.871,,252210.27,,,,,
2023-10-31 00:00:00+00:00,APTUSD,6.871,7.445,6.735,7.049,,450890.48,,,,,
2023-11-01 00:00:00+00:00,APTUSD,7.049,7.321,6.671,7.11,,521777.95,,,,,
2023-11-02 00:00:00+00:00,APTUSD,7.11,7.199,6.506,6.679,,235397.06,,,,,
2023-11-03 00:00:00+00:00,APTUSD,6.679,6.74,6.383,6.719,,240410.51,,,,,
2023-11-04 00:00:00+00:00,APTUSD,6.719,7.115,6.671,6.959,,99334.43,,,,,
2023-11-05 00:00:00+00:00,APTUSD,6.959,7.15,6.738,6.88,,189961.98,,,,,
2023-11-06 00:00:00+00:00,APTUSD,6.88,7.459,6.841,7.4,,836484.67,,,,,
2023-11-07 00:00:00+00:00,APTUSD,7.4,7.68,7.018,7.27,,400502.49,,,,,
2023-11-08 00:00:00+00:00,APTUSD,7.27,7.531,7.103,7.411,,290079.33,,,,,
2023-11-09 00:00:00+00:00,APTUSD,7.411,7.735,6.344,7.305,,493603.61,,,,,
2023-11-10 00:00:00+00:00,APTUSD,7.305,7.584,7.082,7.498,,494148.78,,,,,
2023-11-11 00:00:00+00:00,APTUSD,7.498,7.859,7.206,7.671,,461993.72,,,,,
2023-11-12 00:00:00+00:00,APTUSD,7.671,8.458,7.232,7.813,,719877.26,,,,,
2023-11-13 00:00:00+00:00,APTUSD,7.813,8.019,7.256,7.323,,598759.19,,,,,
2023-11-14 00:00:00+00:00,APTUSD,7.323,7.368,6.773,7.12,,1574157.82,,,,,
2023-11-15 00:00:00+00:00,APTUSD,7.12,7.76,7.081,7.69,,634858.54,,,,,
2023-11-16 00:00:00+00:00,APTUSD,7.69,8.266,7.169,7.27,,615524.28,,,,,
2023-11-17 00:00:00+00:00,APTUSD,7.27,7.669,6.937,7.24,,347876.44,,,,,
2023-11-18 00:00:00+00:00,APTUSD,7.24,7.241,6.713,7.07,,240710.13,,,,,
2023-11-19 00:00:00+00:00,APTUSD,7.07,7.25,6.864,7.224,,218145.0,,,,,
2023-11-20 00:00:00+00:00,APTUSD,7.224,7.517,7.137,7.209,,451766.3,,,,,
2023-11-21 00:00:00+00:00,APTUSD,7.209,7.496,6.746,6.789,,476558.61,,,,,
2023-11-22 00:00:00+00:00,APTUSD,6.789,7.509,6.779,7.31,,615877.43,,,,,
2023-11-23 00:00:00+00:00,APTUSD,7.31,7.419,7.15,7.22,,188936.58,,,,,
2023-11-24 00:00:00+00:00,APTUSD,7.22,7.498,7.202,7.434,,346624.41,,,,,
2023-11-25 00:00:00+00:00,APTUSD,7.434,7.618,7.322,7.411,,295527.88,,,,,
2023-11-26 00:00:00+00:00,APTUSD,7.411,7.497,7.051,7.271,,220637.27,,,,,
2023-11-27 00:00:00+00:00,APTUSD,7.271,7.377,6.833,6.951,,253106.36,,,,,
2023-11-28 00:00:00+00:00,APTUSD,6.951,7.08,6.731,7.03,,237706.82,,,,,
2023-11-29 00:00:00+00:00,APTUSD,7.03,7.156,6.871,7.02,,301291.61,,,,,
2023-11-30 00:00:00+00:00,APTUSD,7.02,7.136,6.93,6.98,,259137.22,,,,,
2023-12-01 00:00:00+00:00,APTUSD,6.98,7.109,6.914,7.058,,270994.55,,,,,
2023-12-02 00:00:00+00:00,APTUSD,7.058,7.419,7.031,7.347,,286069.57,,,,,
2023-12-03 00:00:00+00:00,APTUSD,7.347,7.521,7.226,7.309,,287146.34,,,,,
2023-12-04 00:00:00+00:00,APTUSD,7.309,7.853,6.967,7.776,,772451.69,,,,,
2023-12-05 00:00:00+00:00,APTUSD,7.776,7.842,7.331,7.691,,602906.48,,,,,
2023-12-06 00:00:00+00:00,APTUSD,7.691,7.877,7.349,7.381,,464807.66,,,,,
2023-12-07 00:00:00+00:00,APTUSD,7.381,8.215,7.325,7.949,,709890.79,,,,,
2023-12-08 00:00:00+00:00,APTUSD,7.949,8.653,7.835,8.499,,794535.96,,,,,
2023-12-09 00:00:00+00:00,APTUSD,8.499,8.801,8.16,8.249,,616454.09,,,,,
2023-12-10 00:00:00+00:00,APTUSD,8.249,8.487,7.585,8.402,,646174.99,,,,,
2023-12-11 00:00:00+00:00,APTUSD,8.402,8.44,7.363,7.792,,675907.11,,,,,
2023-12-12 00:00:00+00:00,APTUSD,7.792,9.218,7.783,9.101,,1435657.69,,,,,
2023-12-13 00:00:00+00:00,APTUSD,9.101,9.109,8.146,8.578,,1680638.21,,,,,
2023-12-14 00:00:00+00:00,APTUSD,8.578,8.692,7.945,8.411,,1663862.0,,,,,
2023-12-15 00:00:00+00:00,APTUSD,8.411,8.411,8.07,8.209,,788861.57,,,,,
2023-12-16 00:00:00+00:00,APTUSD,8.209,8.527,8.092,8.178,,615449.27,,,,,
2023-12-17 00:00:00+00:00,APTUSD,8.178,8.358,7.973,8.042,,305714.61,,,,,
2023-12-18 00:00:00+00:00,APTUSD,8.042,8.09,7.478,7.871,,501944.38,,,,,
2023-12-19 00:00:00+00:00,APTUSD,7.871,8.109,7.685,8.092,,624276.55,,,,,
2023-12-20 00:00:00+00:00,APTUSD,8.092,8.32,7.931,8.09,,1102615.95,,,,,
2023-12-21 00:00:00+00:00,APTUSD,8.09,8.695,8.012,8.528,,639950.92,,,,,
2023-12-22 00:00:00+00:00,APTUSD,8.528,9.437,8.311,9.263,,952195.58,,,,,
2023-12-23 00:00:00+00:00,APTUSD,9.263,10.15,8.988,9.306,,1227685.23,,,,,
2023-12-24 00:00:00+00:00,APTUSD,9.306,9.858,9.095,9.322,,871398.81,,,,,
2023-12-25 00:00:00+00:00,APTUSD,9.322,10.68,9.134,10.41,,1039592.17,,,,,
2023-12-26 00:00:00+00:00,APTUSD,10.41,10.89,9.235,10.74,,1088252.2,,,,,
2023-12-27 00:00:00+00:00,APTUSD,10.74,10.97,9.982,10.13,,688709.31,,,,,
2023-12-28 00:00:00+00:00,APTUSD,10.13,10.39,9.567,9.622,,488928.92,,,,,
2023-12-29 00:00:00+00:00,APTUSD,9.622,10.09,9.431,9.689,,398547.26,,,,,
2023-12-30 00:00:00+00:00,APTUSD,9.689,9.827,9.371,9.39,,197051.65,,,,,
2023-12-31 00:00:00+00:00,APTUSD,9.39,9.753,9.205,9.393,,228770.77,,,,,
2024-01-01 00:00:00+00:00,APTUSD,9.393,10.03,9.239,9.931,,175043.0,,,,,
2024-01-02 00:00:00+00:00,APTUSD,9.931,10.37,9.819,10.25,,607056.15,,,,,
2024-01-03 00:00:00+00:00,APTUSD,10.25,10.41,7.828,9.059,,737112.42,,,,,
2024-01-04 00:00:00+00:00,APTUSD,9.059,11.11,8.811,10.32,,1829856.2,,,,,
2024-01-05 00:00:00+00:00,APTUSD,10.32,10.97,9.412,9.658,,1441397.9,,,,,
2024-01-06 00:00:00+00:00,APTUSD,9.658,9.699,8.869,9.05,,432962.9,,,,,
2024-01-07 00:00:00+00:00,APTUSD,9.05,9.296,8.396,8.473,,484094.66,,,,,
2024-01-08 00:00:00+00:00,APTUSD,8.473,8.86,7.801,8.811,,572223.18,,,,,
2024-01-09 00:00:00+00:00,APTUSD,8.811,8.845,7.946,8.278,,467957.95,,,,,
2024-01-10 00:00:00+00:00,APTUSD,8.278,9.101,7.984,8.879,,571667.26,,,,,
2024-01-11 00:00:00+00:00,APTUSD,8.879,9.617,8.764,9.461,,629270.67,,,,,
2024-01-12 00:00:00+00:00,APTUSD,9.461,9.933,8.509,9.02,,959466.07,,,,,
2024-01-13 00:00:00+00:00,APTUSD,9.02,10.39,8.662,10.0,,2098817.54,,,,,
2024-01-14 00:00:00+00:00,APTUSD,10.0,10.06,9.521,9.664,,769781.94,,,,,
2024-01-15 00:00:00+00:00,APTUSD,9.664,10.44,9.392,9.512,,1827536.96,,,,,
2024-01-16 00:00:00+00:00,APTUSD,9.512,9.581,9.151,9.439,,1212062.07,,,,,
2024-01-17 00:00:00+00:00,APTUSD,9.439,9.479,9.12,9.329,,398379.31,,,,,
2024-01-18 00:00:00+00:00,APTUSD,9.329,9.509,8.645,8.71,,513712.7,,,,,
2024-01-19 00:00:00+00:00,APTUSD,8.71,8.738,8.084,8.562,,493536.93,,,,,
2024-01-20 00:00:00+00:00,APTUSD,8.562,8.588,8.331,8.57,,146457.02,,,,,
2024-01-21 00:00:00+00:00,APTUSD,8.57,8.68,8.422,8.433,,139864.85,,,,,
2024-01-22 00:00:00+00:00,APTUSD,8.433,8.511,7.903,8.032,,407484.77,,,,,
2024-01-23 00:00:00+00:00,APTUSD,8.032,8.809,7.496,8.743,,576705.34,,,,,
2024-01-24 00:00:00+00:00,APTUSD,8.743,8.749,8.399,8.571,,394420.05,,,,,
2024-01-25 00:00:00+00:00,APTUSD,8.571,8.624,8.196,8.323,,349719.78,,,,,
2024-01-26 00:00:00+00:00,APTUSD,8.323,8.878,8.247,8.72,,483823.75,,,,,
2024-01-27 00:00:00+00:00,APTUSD,8.72,9.35,8.702,9.122,,576145.24,,,,,
2024-01-28 00:00:00+00:00,APTUSD,9.122,9.227,8.731,8.87,,307046.74,,,,,
2024-01-29 00:00:00+00:00,APTUSD,8.87,9.452,8.842,9.214,,580003.75,,,,,
2024-01-30 00:00:00+00:00,APTUSD,9.214,9.499,9.001,9.071,,323398.26,,,,,
2024-01-31 00:00:00+00:00,APTUSD,9.071,9.198,8.687,8.841,,578672.45,,,,,
2024-02-01 00:00:00+00:00,APTUSD,8.841,9.229,8.588,9.229,,453986.96,,,,,
2024-02-02 00:00:00+00:00,APTUSD,9.229,9.507,9.127,9.401,,751009.47,,,,,
2024-02-03 00:00:00+00:00,APTUSD,9.401,9.734,9.132,9.15,,631518.19,,,,,
2024-02-04 00:00:00+00:00,APTUSD,9.15,9.159,8.791,8.829,,488270.28,,,,,
2024-02-05 00:00:00+00:00,APTUSD,8.829,9.061,8.54,8.644,,488913.99,,,,,
2024-02-06 00:00:00+00:00,APTUSD,8.644,8.711,8.462,8.591,,282615.77,,,,,
2024-02-07 00:00:00+00:00,APTUSD,8.591,8.859,8.472,8.79,,400447.16,,,,,
2024-02-08 00:00:00+00:00,APTUSD,8.79,8.938,8.711,8.77,,440757.34,,,,,
2024-02-09 00:00:00+00:00,APTUSD,8.77,9.168,8.731,9.09,,517471.9,,,,,
2024-02-10 00:00:00+00:00,APTUSD,9.09,9.26,9.0,9.08,,244086.37,,,,,
2024-02-11 00:00:00+00:00,APTUSD,9.08,9.27,8.981,9.043,,256946.91,,,,,
2024-02-12 00:00:00+00:00,APTUSD,9.043,9.29,8.752,9.161,,1343496.02,,,,,
2024-02-13 00:00:00+00:00,APTUSD,9.161,9.288,8.871,9.209,,925203.51,,,,,
2024-02-14 00:00:00+00:00,APTUSD,9.209,9.589,9.061,9.45,,1025878.45,,,,,
2024-02-15 00:00:00+00:00,APTUSD,9.45,10.79,9.421,10.17,,2659835.33,,,,,
2024-02-16 00:00:00+00:00,APTUSD,10.17,10.35,9.637,9.809,,981469.09,,,,,
2024-02-17 00:00:00+00:00,APTUSD,9.809,9.826,9.233,9.701,,557894.44,,,,,
2024-02-18 00:00:00+00:00,APTUSD,9.701,9.805,9.514,9.698,,895006.12,,,,,
2024-02-19 00:00:00+00:00,APTUSD,9.698,10.26,9.698,10.13,,2295258.61,,,,,
2024-02-20 00:00:00+00:00,APTUSD,10.13,10.15,9.092,9.649,,896152.69,,,,,
2024-02-21 00:00:00+00:00,APTUSD,9.649,9.854,8.87,9.239,,714525.57,,,,,
2024-02-22 00:00:00+00:00,APTUSD,9.239,9.488,8.931,9.211,,734062.76,,,,,
2024-02-23 00:00:00+00:00,APTUSD,9.211,9.33,8.881,9.11,,705435.42,,,,,
2024-02-24 00:00:00+00:00,APTUSD,9.11,9.489,9.031,9.46,,659412.09,,,,,
2024-02-25 00:00:00+00:00,APTUSD,9.46,9.718,9.303,9.65,,565814.73,,,,,
2024-02-26 00:00:00+00:00,APTUSD,9.65,10.38,9.322,10.16,,1172006.39,,,,,
2024-02-27 00:00:00+00:00,APTUSD,10.16,10.38,9.734,9.959,,730324.44,,,,,
2024-02-28 00:00:00+00:00,APTUSD,9.959,12.9,9.902,12.37,,4233747.86,,,,,
2024-02-29 00:00:00+00:00,APTUSD,12.37,13.1,11.36,11.71,,3130978.91,,,,,
2024-03-01 00:00:00+00:00,APTUSD,11.71,12.01,11.46,11.87,,1280081.37,,,,,
2024-03-02 00:00:00+00:00,APTUSD,11.87,12.26,11.52,12.14,,1046976.11,,,,,
2024-03-03 00:00:00+00:00,APTUSD,12.14,12.39,10.73,11.61,,1134307.57,,,,,
2024-03-04 00:00:00+00:00,APTUSD,11.61,12.71,11.37,12.09,,1836489.67,,,,,
2024-03-05 00:00:00+00:00,APTUSD,12.09,13.89,11.62,13.7,,4381046.46,,,,,
2024-03-06 00:00:00+00:00,APTUSD,13.7,14.56,12.88,13.69,,2764921.94,,,,,
2024-03-07 00:00:00+00:00,APTUSD,13.69,13.98,13.15,13.26,,1233332.72,,,,,
2024-03-08 00:00:00+00:00,APTUSD,13.26,13.56,12.63,13.25,,782991.85,,,,,
2024-03-09 00:00:00+00:00,APTUSD,13.25,13.82,13.08,13.18,,464594.18,,,,,
2024-03-10 00:00:00+00:00,APTUSD,13.18,13.45,12.42,12.75,,472309.08,,,,,
2024-03-11 00:00:00+00:00,APTUSD,12.75,13.58,12.09,13.47,,897336.81,,,,,
2024-03-12 00:00:00+00:00,APTUSD,13.47,13.72,12.5,13.38,,644363.77,,,,,
2024-03-13 00:00:00+00:00,APTUSD,13.38,13.78,12.84,13.14,,1667041.98,,,,,
2024-03-14 00:00:00+00:00,APTUSD,13.14,14.48,13.07,14.3,,3066039.88,,,,,
2024-03-15 00:00:00+00:00,APTUSD,14.3,15.2,12.03,15.13,,2598087.61,,,,,
2024-03-16 00:00:00+00:00,APTUSD,15.13,15.68,12.93,13.3,,2089574.58,,,,,
2024-03-17 00:00:00+00:00,APTUSD,13.3,15.74,13.24,14.01,,1508798.05,,,,,
2024-03-18 00:00:00+00:00,APTUSD,14.01,15.43,13.7,14.41,,2025281.29,,,,,
2024-03-19 00:00:00+00:00,APTUSD,14.41,16.74,13.54,15.43,,4992971.79,,,,,
2024-03-20 00:00:00+00:00,APTUSD,15.43,15.99,14.01,15.59,,2172539.14,,,,,
2024-03-21 00:00:00+00:00,APTUSD,15.59,16.36,14.75,15.02,,1286387.42,,,,,
2024-03-22 00:00:00+00:00,APTUSD,15.02,16.97,14.79,16.26,,2554975.3,,,,,
2024-03-23 00:00:00+00:00,APTUSD,16.26,16.33,15.48,16.15,,883198.95,,,,,
2024-03-24 00:00:00+00:00,APTUSD,16.15,16.84,15.8,16.33,,920929.53,,,,,
2024-03-25 00:00:00+00:00,APTUSD,16.33,17.41,15.77,17.34,,1200337.39,,,,,
2024-03-26 00:00:00+00:00,APTUSD,17.34,19.46,16.91,18.08,,2113712.65,,,,,
2024-03-27 00:00:00+00:00,APTUSD,18.08,18.87,17.44,17.68,,1225908.31,,,,,
2024-03-28 00:00:00+00:00,APTUSD,17.68,18.27,16.93,17.37,,982832.2,,,,,
2024-03-29 00:00:00+00:00,APTUSD,17.37,17.39,16.76,17.21,,522034.75,,,,,
2024-03-30 00:00:00+00:00,APTUSD,17.21,17.71,16.52,16.63,,568955.53,,,,,
2024-03-31 00:00:00+00:00,APTUSD,16.63,17.21,16.39,17.08,,639911.68,,,,,
2024-04-01 00:00:00+00:00,APTUSD,17.08,17.9,16.29,16.69,,2249577.27,,,,,
2024-04-02 00:00:00+00:00,APTUSD,16.69,16.69,14.56,14.7,,1324207.37,,,,,
2024-04-03 00:00:00+00:00,APTUSD,14.7,14.94,13.7,14.15,,1360601.2,,,,,
2024-04-04 00:00:00+00:00,APTUSD,14.15,14.75,13.85,14.16,,494330.51,,,,,
2024-04-05 00:00:00+00:00,APTUSD,14.16,14.16,12.61,13.15,,723147.27,,,,,
2024-04-06 00:00:00+00:00,APTUSD,13.15,13.53,12.9,13.22,,398824.66,,,,,
2024-04-07 00:00:00+00:00,APTUSD,13.22,13.84,13.1,13.61,,336214.19,,,,,
2024-04-08 00:00:00+00:00,APTUSD,13.61,14.41,13.24,14.26,,525061.03,,,,,
2024-04-09 00:00:00+00:00,APTUSD,14.26,14.3,12.68,12.73,,1072584.09,,,,,
2024-04-10 00:00:00+00:00,APTUSD,12.73,12.8,11.56,12.22,,778144.95,,,,,
2024-04-11 00:00:00+00:00,APTUSD,12.22,12.52,11.72,11.84,,562055.22,,,,,
2024-04-12 00:00:00+00:00,APTUSD,11.84,12.21,8.522,9.792,,1987377.65,,,,,
2024-04-13 00:00:00+00:00,APTUSD,9.792,10.41,7.381,8.796,,1956751.96,,,,,
2024-04-14 00:00:00+00:00,APTUSD,8.796,9.754,8.444,9.597,,1025644.56,,,,,
2024-04-15 00:00:00+00:00,APTUSD,9.597,9.955,8.822,9.121,,1023084.41,,,,,
2024-04-16 00:00:00+00:00,APTUSD,9.121,9.387,8.594,9.259,,874291.03,,,,,
2024-04-17 00:00:00+00:00,APTUSD,9.259,9.647,8.868,9.159,,1037452.49,,,,,
2024-04-18 00:00:00+00:00,APTUSD,9.159,9.721,8.812,9.5,,874291.39,,,,,
2024-04-19 00:00:00+00:00,APTUSD,9.5,9.69,8.615,9.409,,990512.07,,,,,
2024-04-20 00:00:00+00:00,APTUSD,9.409,10.29,9.281,10.24,,895384.94,,,,,
2024-04-21 00:00:00+00:00,APTUSD,10.24,10.28,9.673,10.01,,788222.19,,,,,
2024-04-22 00:00:00+00:00,APTUSD,10.01,10.4,9.884,10.19,,713827.45,,,,,
2024-04-23 00:00:00+00:00,APTUSD,10.19,10.29,9.678,9.78,,769444.3,,,,,
2024-04-24 00:00:00+00:00,APTUSD,9.78,10.03,9.062,9.15,,709800.68,,,,,
2024-04-25 00:00:00+00:00,APTUSD,9.15,9.238,8.753,9.021,,486534.47,,,,,
2024-04-26 00:00:00+00:00,APTUSD,9.021,9.11,8.729,8.841,,521674.8,,,,,
2024-04-27 00:00:00+00:00,APTUSD,8.841,9.099,8.433,8.991,,444452.55,,,,,
2024-04-28 00:00:00+00:00,APTUSD,8.991,9.229,8.943,8.988,,246771.94,,,,,
2024-04-29 00:00:00+00:00,APTUSD,8.988,9.188,8.793,9.11,,584944.76,,,,,
2024-04-30 00:00:00+00:00,APTUSD,9.11,9.272,8.147,8.7,,861152.88,,,,,
2024-05-01 00:00:00+00:00,APTUSD,8.7,8.968,8.153,8.921,,1321017.03,,,,,
2024-05-02 00:00:00+00:00,APTUSD,8.921,8.969,8.461,8.85,,506271.5,,,,,
2024-05-03 00:00:00+00:00,APTUSD,8.85,9.19,8.571,9.07,,543227.86,,,,,
2024-05-04 00:00:00+00:00,APTUSD,9.07,9.299,9.002,9.111,,369467.16,,,,,
2024-05-05 00:00:00+00:00,APTUSD,9.111,9.3,8.932,9.25,,328299.46,,,,,
2024-05-06 00:00:00+00:00,APTUSD,9.25,9.569,8.981,8.991,,604002.94,,,,,
2024-05-07 00:00:00+00:00,APTUSD,8.991,9.14,8.755,8.781,,267794.37,,,,,
2024-05-08 00:00:00+00:00,APTUSD,8.781,8.809,8.481,8.581,,316922.99,,,,,
2024-05-09 00:00:00+00:00,APTUSD,8.581,8.9,8.381,8.81,,458624.52,,,,,
2024-05-10 00:00:00+00:00,APTUSD,8.81,8.928,8.37,8.46,,317964.09,,,,,
2024-05-11 00:00:00+00:00,APTUSD,8.46,8.558,8.301,8.381,,114962.11,,,,,
2024-05-12 00:00:00+00:00,APTUSD,8.381,8.51,8.311,8.35,,72381.68,,,,,
2024-05-13 00:00:00+00:00,APTUSD,8.35,8.534,7.912,8.18,,657617.47,,,,,
2024-05-14 00:00:00+00:00,APTUSD,8.18,8.238,7.769,7.79,,331684.1,,,,,
2024-05-15 00:00:00+00:00,APTUSD,7.79,8.57,7.722,8.481,,768729.0,,,,,
2024-05-16 00:00:00+00:00,APTUSD,8.481,8.579,8.101,8.372,,892783.96,,,,,
2024-05-17 00:00:00+00:00,APTUSD,8.372,8.709,8.27,8.57,,709265.86,,,,,
2024-05-18 00:00:00+00:00,APTUSD,8.57,8.72,8.451,8.58,,304047.39,,,,,
2024-05-19 00:00:00+00:00,APTUSD,8.58,8.689,8.08,8.11,,349174.28,,,,,
2024-05-20 00:00:00+00:00,APTUSD,8.11,9.109,8.02,9.109,,1034635.1,,,,,
2024-05-21 00:00:00+00:00,APTUSD,9.109,9.427,8.911,9.31,,1241410.7,,,,,
2024-05-22 00:00:00+00:00,APTUSD,9.31,9.37,8.911,8.99,,807019.41,,,,,
2024-05-23 00:00:00+00:00,APTUSD,8.99,9.18,8.31,8.92,,776671.58,,,,,
2024-05-24 00:00:00+00:00,APTUSD,8.92,9.189,8.691,8.95,,637534.42,,,,,
2024-05-25 00:00:00+00:00,APTUSD,8.95,9.17,8.9,9.09,,342933.61,,,,,
2024-05-26 00:00:00+00:00,APTUSD,9.09,9.209,8.922,9.041,,376098.87,,,,,
2024-05-27 00:00:00+00:00,APTUSD,9.041,9.73,9.031,9.65,,854470.92,,,,,
2024-05-28 00:00:00+00:00,APTUSD,9.65,9.699,9.211,9.35,,1418886.54,,,,,
2024-05-29 00:00:00+00:00,APTUSD,9.35,9.538,9.042,9.08,,817977.69,,,,,
2024-05-30 00:00:00+00:00,APTUSD,9.08,9.489,8.86,9.18,,696612.45,,,,,
2024-05-31 00:00:00+00:00,APTUSD,9.18,9.269,8.97,9.14,,352867.62,,,,,
2024-06-01 00:00:00+00:00,APTUSD,9.14,9.159,9.02,9.06,,206683.43,,,,,
2024-06-02 00:00:00+00:00,APTUSD,9.06,9.149,8.801,8.92,,168300.31,,,,,
2024-06-03 00:00:00+00:00,APTUSD,8.92,9.16,8.8,8.92,,278114.71,,,,,
2024-06-04 00:00:00+00:00,APTUSD,8.92,9.239,8.761,9.16,,338332.23,,,,,
2024-06-05 00:00:00+00:00,APTUSD,9.16,9.37,9.16,9.31,,415329.32,,,,,
2024-06-06 00:00:00+00:00,APTUSD,9.31,9.31,8.911,9.1,,453663.95,,,,,
2024-06-07 00:00:00+00:00,APTUSD,9.1,9.389,7.868,8.59,,958048.88,,,,,
2024-06-08 00:00:00+00:00,APTUSD,8.59,8.59,8.023,8.13,,568446.85,,,,,
2024-06-09 00:00:00+00:00,APTUSD,8.13,8.62,8.04,8.6,,584314.34,,,,,
2024-06-10 00:00:00+00:00,APTUSD,8.6,8.62,8.21,8.279,,517262.73,,,,,
2024-06-11 00:00:00+00:00,APTUSD,8.279,8.339,7.734,7.97,,738262.25,,,,,
2024-06-12 00:00:00+00:00,APTUSD,7.97,8.541,7.821,8.231,,843848.84,,,,,
2024-06-13 00:00:00+00:00,APTUSD,8.231,8.241,7.773,7.88,,520548.22,,,,,
2024-06-14 00:00:00+00:00,APTUSD,7.88,8.099,7.43,7.69,,660883.06,,,,,
2024-06-15 00:00:00+00:00,APTUSD,7.69,7.938,7.641,7.88,,214106.26,,,,,
2024-06-16 00:00:00+00:00,APTUSD,7.88,7.949,7.74,7.9,,169123.33,,,,,
2024-06-17 00:00:00+00:00,APTUSD,7.9,7.938,7.202,7.441,,840707.45,,,,,
2024-06-18 00:00:00+00:00,APTUSD,7.441,7.459,6.419,6.822,,1232694.27,,,,,
2024-06-19 00:00:00+00:00,APTUSD,6.822,7.119,6.749,6.9,,1048351.94,,,,,
2024-06-20 00:00:00+00:00,APTUSD,6.9,7.168,6.711,6.907,,790746.6,,,,,
2024-06-21 00:00:00+00:00,APTUSD,6.907,7.03,6.791,6.93,,808866.63,,,,,
2024-06-22 00:00:00+00:00,APTUSD,6.93,6.94,6.811,6.86,,238585.28,,,,,
2024-06-23 00:00:00+00:00,APTUSD,6.86,6.99,6.642,6.74,,221013.39,,,,,
2024-06-24 00:00:00+00:00,APTUSD,6.74,6.949,6.387,6.94,,718025.73,,,,,
2024-06-25 00:00:00+00:00,APTUSD,6.94,7.091,6.84,6.949,,454192.01,,,,,
2024-06-26 00:00:00+00:00,APTUSD,6.949,7.008,6.711,6.832,,205537.57,,,,,
2024-06-27 00:00:00+00:00,APTUSD,6.832,7.091,6.731,7.021,,342970.51,,,,,
2024-06-28 00:00:00+00:00,APTUSD,7.021,7.108,6.832,6.841,,246882.07,,,,,
2024-06-29 00:00:00+00:00,APTUSD,6.841,7.031,6.832,6.89,,178265.27,,,,,
2024-06-30 00:00:00+00:00,APTUSD,6.89,7.07,6.781,7.07,,257206.12,,,,,
2024-07-01 00:00:00+00:00,APTUSD,7.07,7.23,7.002,7.043,,399738.41,,,,,
2024-07-02 00:00:00+00:00,APTUSD,7.043,7.07,6.84,6.941,,326339.22,,,,,
2024-07-03 00:00:00+00:00,APTUSD,6.941,6.989,6.55,6.591,,318482.88,,,,,
2024-07-04 00:00:00+00:00,APTUSD,6.591,6.64,5.942,5.97,,662360.2,,,,,
2024-07-05 00:00:00+00:00,APTUSD,5.97,5.972,5.188,5.551,,1348678.38,,,,,
2024-07-06 00:00:00+00:00,APTUSD,5.551,6.051,5.481,5.98,,452912.23,,,,,
2024-07-07 00:00:00+00:00,APTUSD,5.98,5.99,5.561,5.58,,304174.09,,,,,
2024-07-08 00:00:00+00:00,APTUSD,5.58,5.979,5.33,5.84,,715930.61,,,,,
2024-07-09 00:00:00+00:00,APTUSD,5.84,6.045,5.751,6.02,,573762.94,,,,,
2024-07-10 00:00:00+00:00,APTUSD,6.02,6.25,5.941,6.151,,313959.91,,,,,
2024-07-11 00:00:00+00:00,APTUSD,6.151,6.39,6.021,6.04,,250692.34,,,,,
2024-07-12 00:00:00+00:00,APTUSD,6.04,6.139,5.911,6.111,,228040.02,,,,,
2024-07-13 00:00:00+00:00,APTUSD,6.111,6.409,6.11,6.35,,187564.39,,,,,
2024-07-14 00:00:00+00:00,APTUSD,6.35,6.718,6.34,6.631,,352685.45,,,,,
2024-07-15 00:00:00+00:00,APTUSD,6.631,7.01,6.612,6.991,,601150.61,,,,,
2024-07-16 00:00:00+00:00,APTUSD,6.991,7.169,6.612,7.07,,777400.11,,,,,
2024-07-17 00:00:00+00:00,APTUSD,7.07,7.37,7.051,7.06,,703839.73,,,,,
2024-07-18 00:00:00+00:00,APTUSD,7.06,7.149,6.841,6.99,,459782.18,,,,,
2024-07-19 00:00:00+00:00,APTUSD,6.99,7.5,6.852,7.46,,597506.9,,,,,
2024-07-20 00:00:00+00:00,APTUSD,7.46,7.499,7.262,7.371,,369845.82,,,,,
2024-07-21 00:00:00+00:00,APTUSD,7.371,7.558,7.081,7.48,,425675.85,,,,,
2024-07-22 00:00:00+00:00,APTUSD,7.487,7.402,7.209,7.219,,1378706.61,,,,,
2024-07-23 00:00:00+00:00,APTUSD,7.21,7.369,6.93,7.141,,253603.98,,,,,
2024-07-24 00:00:00+00:00,APTUSD,7.141,7.2,6.771,6.801,,154674.12,,,,,
2024-07-25 00:00:00+00:00,APTUSD,6.801,6.829,6.431,6.611,,292454.32,,,,,
2024-07-26 00:00:00+00:00,APTUSD,6.611,6.98,6.602,6.98,,206193.19,,,,,
2024-07-27 00:00:00+00:00,APTUSD,6.98,7.359,6.98,7.131,,317100.16,,,,,
2024-07-28 00:00:00+00:00,APTUSD,7.131,7.131,6.791,6.84,,139371.93,,,,,
2024-07-29 00:00:00+00:00,APTUSD,6.84,7.099,6.725,6.763,,233588.97,,,,,
2024-07-30 00:00:00+00:00,APTUSD,6.763,6.872,6.504,6.592,,270246.58,,,,,
2024-07-31 00:00:00+00:00,APTUSD,6.592,6.69,6.39,6.41,,312108.77,,,,,
2024-08-01 00:00:00+00:00,APTUSD,6.41,6.47,6.001,6.411,,330657.65,,,,,
2024-08-02 00:00:00+00:00,APTUSD,6.411,6.431,5.911,6.009,,241444.21,,,,,
2024-08-03 00:00:00+00:00,APTUSD,6.009,6.028,5.46,5.58,,372121.91,,,,,
2024-08-04 00:00:00+00:00,APTUSD,5.58,5.62,5.114,5.34,,447594.63,,,,,
2024-08-05 00:00:00+00:00,APTUSD,5.34,5.376,4.33,4.991,,1378594.11,,,,,
2024-08-06 00:00:00+00:00,APTUSD,4.991,5.311,4.984,5.132,,426086.22,,,,,
2024-08-07 00:00:00+00:00,APTUSD,5.132,5.329,4.951,5.079,,524548.84,,,,,
2024-08-08 00:00:00+00:00,APTUSD,5.079,5.769,4.991,5.769,,463034.75,,,,,
2024-08-09 00:00:00+00:00,APTUSD,5.769,5.897,5.631,5.76,,446385.32,,,,,
2024-08-10 00:00:00+00:00,APTUSD,5.76,6.388,5.693,6.27,,365942.51,,,,,
2024-08-11 00:00:00+00:00,APTUSD,6.27,6.29,5.725,5.73,,293356.28,,,,,
2024-08-12 00:00:00+00:00,APTUSD,5.73,6.84,5.73,6.44,,920115.44,,,,,
2024-08-13 00:00:00+00:00,APTUSD,6.44,6.962,6.154,6.799,,881060.31,,,,,
2024-08-14 00:00:00+00:00,APTUSD,6.799,6.97,6.59,6.68,,307591.87,,,,,
2024-08-15 00:00:00+00:00,APTUSD,6.68,6.751,6.106,6.231,,398493.18,,,,,
2024-08-16 00:00:00+00:00,APTUSD,6.231,6.498,5.782,5.92,,704072.01,,,,,
2024-08-17 00:00:00+00:00,APTUSD,5.92,5.97,5.792,5.821,,212991.89,,,,,
2024-08-18 00:00:00+00:00,APTUSD,5.821,5.981,5.772,5.781,,254632.75,,,,,
2024-08-19 00:00:00+00:00,APTUSD,5.781,6.051,5.732,6.051,,580347.26,,,,,
2024-08-20 00:00:00+00:00,APTUSD,6.051,6.453,5.962,6.062,,460194.46,,,,,
2024-08-21 00:00:00+00:00,APTUSD,6.062,6.37,6.012,6.351,,632305.31,,,,,
2024-08-22 00:00:00+00:00,APTUSD,6.351,6.537,6.245,6.5,,265141.57,,,,,
2024-08-23 00:00:00+00:00,APTUSD,6.5,7.199,6.5,7.1,,617265.85,,,,,
2024-08-24 00:00:00+00:00,APTUSD,7.1,7.397,7.053,7.15,,381975.62,,,,,
2024-08-25 00:00:00+00:00,APTUSD,7.15,7.477,6.834,7.333,,580069.99,,,,,
2024-08-26 00:00:00+00:00,APTUSD,7.333,7.381,6.958,7.014,,331754.32,,,,,
2024-08-27 00:00:00+00:00,APTUSD,7.014,7.568,6.713,6.853,,1273561.37,,,,,
2024-08-28 00:00:00+00:00,APTUSD,6.853,7.287,6.5,6.744,,796109.56,,,,,
2024-08-29 00:00:00+00:00,APTUSD,6.744,7.279,6.602,6.789,,719996.26,,,,,
2024-08-30 00:00:00+00:00,APTUSD,6.789,7.025,6.372,6.711,,869361.27,,,,,
2024-08-31 00:00:00+00:00,APTUSD,6.711,6.799,6.391,6.49,,317233.74,,,,,
2024-09-01 00:00:00+00:00,APTUSD,6.49,6.511,6.1,6.172,,541544.82,,,,,
2024-09-02 00:00:00+00:00,APTUSD,6.172,6.447,6.123,6.361,,568816.93,,,,,
2024-09-03 00:00:00+00:00,APTUSD,6.361,6.472,6.061,6.13,,441814.32,,,,,
2024-09-04 00:00:00+00:00,APTUSD,6.13,6.322,5.791,6.111,,496310.79,,,,,
2024-09-05 00:00:00+00:00,APTUSD,6.111,6.131,5.676,5.77,,871829.73,,,,,
2024-09-06 00:00:00+00:00,APTUSD,5.77,5.909,5.491,5.701,,480012.28,,,,,
2024-09-07 00:00:00+00:00,APTUSD,5.701,5.966,5.692,5.85,,183601.16,,,,,
2024-09-08 00:00:00+00:00,APTUSD,5.85,6.102,5.802,6.032,,296809.89,,,,,
2024-09-09 00:00:00+00:00,APTUSD,6.032,6.416,6.021,6.306,,349786.94,,,,,
2024-09-10 00:00:00+00:00,APTUSD,6.306,6.327,6.123,6.278,,293352.26,,,,,
2024-09-11 00:00:00+00:00,APTUSD,6.278,6.31,5.953,6.091,,573913.67,,,,,
2024-09-12 00:00:00+00:00,APTUSD,6.091,6.231,6.051,6.18,,371991.48,,,,,
2024-09-13 00:00:00+00:00,APTUSD,6.18,6.35,6.091,6.301,,531855.06,,,,,
2024-09-14 00:00:00+00:00,APTUSD,6.301,6.35,5.991,6.061,,197064.53,,,,,
2024-09-15 00:00:00+00:00,APTUSD,6.061,6.17,5.831,5.88,,346775.91,,,,,
2024-09-16 00:00:00+00:00,APTUSD,5.88,5.88,5.662,5.741,,269365.06,,,,,
2024-09-17 00:00:00+00:00,APTUSD,5.741,6.01,5.683,5.931,,386041.61,,,,,
2024-09-18 00:00:00+00:00,APTUSD,5.931,6.23,5.703,6.221,,433592.75,,,,,
2024-09-19 00:00:00+00:00,APTUSD,6.221,6.949,6.221,6.802,,1318451.96,,,,,
2024-09-20 00:00:00+00:00,APTUSD,6.802,7.443,6.706,7.307,,1309900.7,,,,,
2024-09-21 00:00:00+00:00,APTUSD,7.307,8.375,7.194,8.251,,1863923.4,,,,,
2024-09-22 00:00:00+00:00,APTUSD,8.251,8.251,7.751,7.96,,795561.47,,,,,
2024-09-23 00:00:00+00:00,APTUSD,7.96,8.116,7.673,7.952,,852279.4,,,,,
2024-09-24 00:00:00+00:00,APTUSD,7.952,8.388,7.693,8.139,,1038561.51,,,,,
2024-09-25 00:00:00+00:00,APTUSD,8.139,8.441,7.929,8.012,,791707.46,,,,,
2024-09-26 00:00:00+00:00,APTUSD,8.012,8.627,7.862,8.07,,767936.32,,,,,
2024-09-27 00:00:00+00:00,APTUSD,8.07,8.581,8.037,8.491,,682702.15,,,,,
2024-09-28 00:00:00+00:00,APTUSD,8.491,8.54,7.94,8.07,,306322.45,,,,,
2024-09-29 00:00:00+00:00,APTUSD,8.07,8.297,7.761,8.082,,398351.68,,,,,
2024-09-30 00:00:00+00:00,APTUSD,8.082,8.104,7.563,7.677,,499019.44,,,,,
2024-10-01 00:00:00+00:00,APTUSD,7.677,8.365,7.254,7.551,,963159.2,,,,,
2024-10-02 00:00:00+00:00,APTUSD,7.551,7.971,7.477,7.791,,1045757.0,,,,,
2024-10-03 00:00:00+00:00,APTUSD,7.791,8.721,7.633,8.571,,2571460.51,,,,,
2024-10-04 00:00:00+00:00,APTUSD,8.571,9.3,8.2,9.099,,2201069.96,,,,,
2024-10-05 00:00:00+00:00,APTUSD,9.099,9.209,8.592,8.61,,772826.35,,,,,
2024-10-06 00:00:00+00:00,APTUSD,8.61,9.0,8.484,8.699,,752947.77,,,,,
2024-10-07 00:00:00+00:00,APTUSD,8.699,9.327,8.438,8.678,,1483127.57,,,,,
2024-10-08 00:00:00+00:00,APTUSD,8.678,9.547,8.678,9.332,,1505517.4,,,,,
2024-10-09 00:00:00+00:00,APTUSD,9.332,9.444,8.511,8.551,,1048148.74,,,,,
2024-10-10 00:00:00+00:00,APTUSD,8.551,8.552,7.854,8.089,,1206923.96,,,,,
2024-10-11 00:00:00+00:00,APTUSD,8.089,8.598,7.943,8.518,,915177.35,,,,,
2024-10-12 00:00:00+00:00,APTUSD,8.518,9.949,8.408,9.934,,2235713.54,,,,,
2024-10-13 00:00:00+00:00,APTUSD,9.934,10.42,9.671,10.18,,2405407.46,,,,,
2024-10-14 00:00:00+00:00,APTUSD,10.18,10.45,9.902,10.17,,1649043.22,,,,,
2024-10-15 00:00:00+00:00,APTUSD,10.17,10.73,9.96,10.47,,2200935.4,,,,,
2024-10-16 00:00:00+00:00,APTUSD,10.47,10.47,9.692,10.03,,1435157.76,,,,,
2024-10-17 00:00:00+00:00,APTUSD,10.03,10.28,9.743,9.929,,644568.71,,,,,
2024-10-18 00:00:00+00:00,APTUSD,9.929,10.19,9.762,10.01,,843854.32,,,,,
2024-10-19 00:00:00+00:00,APTUSD,10.01,10.01,9.639,9.71,,462887.81,,,,,
2024-10-20 00:00:00+00:00,APTUSD,9.71,10.18,9.69,9.981,,582821.0,,,,,
2024-10-21 00:00:00+00:00,APTUSD,9.981,10.3,9.802,10.1,,648576.22,,,,,
2024-10-22 00:00:00+00:00,APTUSD,10.1,11.21,10.02,10.39,,1719107.96,,,,,
2024-10-23 00:00:00+00:00,APTUSD,10.39,10.63,9.637,9.922,,1028389.51,,,,,
2024-10-24 00:00:00+00:00,APTUSD,9.922,10.42,9.809,10.17,,703713.32,,,,,
2024-10-25 00:00:00+00:00,APTUSD,10.17,10.22,8.497,8.933,,1019202.31,,,,,
2024-10-26 00:00:00+00:00,APTUSD,8.933,9.311,8.701,9.291,,657656.64,,,,,
2024-10-27 00:00:00+00:00,APTUSD,9.291,9.369,9.059,9.194,,408834.81,,,,,
2024-10-28 00:00:00+00:00,APTUSD,9.194,9.299,8.707,9.21,,721471.4,,,,,
2024-10-29 00:00:00+00:00,APTUSD,9.21,10.19,9.201,10.04,,1066066.72,,,,,
2024-10-30 00:00:00+00:00,APTUSD,10.04,10.21,9.677,9.802,,559450.39,,,,,
2024-10-31 00:00:00+00:00,APTUSD,9.802,9.811,9.072,9.082,,490923.09,,,,,
2024-11-01 00:00:00+00:00,APTUSD,9.082,9.276,8.681,8.922,,402659.33,,,,,
2024-11-02 00:00:00+00:00,APTUSD,8.922,8.956,8.54,8.623,,230783.99,,,,,
2024-11-03 00:00:00+00:00,APTUSD,8.623,8.653,7.851,8.192,,627213.75,,,,,
2024-11-04 00:00:00+00:00,APTUSD,8.192,8.34,7.735,8.068,,358673.07,,,,,
2024-11-05 00:00:00+00:00,APTUSD,8.068,8.637,8.046,8.462,,589199.72,,,,,
2024-11-06 00:00:00+00:00,APTUSD,8.462,9.728,8.461,9.573,,1044934.39,,,,,
2024-11-07 00:00:00+00:00,APTUSD,9.573,9.968,9.445,9.83,,667368.17,,,,,
2024-11-08 00:00:00+00:00,APTUSD,9.83,10.11,9.442,9.729,,521766.84,,,,,
2024-11-09 00:00:00+00:00,APTUSD,9.729,10.59,9.561,10.43,,652100.54,,,,,
2024-11-10 00:00:00+00:00,APTUSD,10.43,11.51,10.19,10.91,,1681642.6,,,,,
2024-11-11 00:00:00+00:00,APTUSD,10.91,14.09,10.57,13.74,,3081519.78,,,,,
2024-11-12 00:00:00+00:00,APTUSD,13.74,13.77,11.59,12.37,,2754666.18,,,,,
2024-11-13 00:00:00+00:00,APTUSD,12.37,12.98,11.23,11.73,,2357358.22,,,,,
2024-11-14 00:00:00+00:00,APTUSD,11.73,12.36,11.01,11.23,,1414380.11,,,,,
2024-11-15 00:00:00+00:00,APTUSD,11.23,12.21,11.03,11.88,,971305.73,,,,,
2024-11-16 00:00:00+00:00,APTUSD,11.88,12.75,11.75,12.31,,1364437.25,,,,,
2024-11-17 00:00:00+00:00,APTUSD,12.31,12.71,11.51,11.79,,927510.23,,,,,
2024-11-18 00:00:00+00:00,APTUSD,11.79,12.27,11.55,12.05,,909960.25,,,,,
2024-11-19 00:00:00+00:00,APTUSD,12.05,12.33,11.44,11.82,,812861.03,,,,,
2024-11-20 00:00:00+00:00,APTUSD,11.82,13.46,11.12,11.79,,2101119.91,,,,,
2024-11-21 00:00:00+00:00,APTUSD,11.79,12.35,11.24,12.08,,1293629.63,,,,,
2024-11-22 00:00:00+00:00,APTUSD,12.08,12.52,11.63,12.49,,1227870.05,,,,,
2024-11-23 00:00:00+00:00,APTUSD,12.49,13.25,12.31,12.75,,1529888.06,,,,,
2024-11-24 00:00:00+00:00,APTUSD,12.75,13.38,11.55,12.53,,1103138.95,,,,,
2024-11-25 00:00:00+00:00,APTUSD,12.53,12.84,11.67,11.82,,1386253.99,,,,,
2024-11-26 00:00:00+00:00,APTUSD,11.82,12.11,10.92,11.99,,1360309.42,,,,,
2024-11-27 00:00:00+00:00,APTUSD,11.99,12.74,11.73,12.67,,900959.36,,,,,
2024-11-28 00:00:00+00:00,APTUSD,12.67,13.06,12.24,12.78,,847338.38,,,,,
2024-11-29 00:00:00+00:00,APTUSD,12.78,13.35,12.56,13.29,,763723.19,,,,,
2024-11-30 00:00:00+00:00,APTUSD,13.29,13.69,12.84,13.39,,833206.64,,,,,
2024-12-01 00:00:00+00:00,APTUSD,13.39,13.91,12.9,13.47,,709554.12,,,,,
2024-12-02 00:00:00+00:00,APTUSD,13.47,13.8,12.32,13.74,,1075179.23,,,,,
2024-12-03 00:00:00+00:00,APTUSD,13.74,14.75,13.03,14.52,,2362740.31,,,,,
2024-12-04 00:00:00+00:00,APTUSD,14.52,14.87,13.67,14.16,,1317283.16,,,,,
2024-12-05 00:00:00+00:00,APTUSD,14.16,14.44,13.08,13.65,,1684722.57,,,,,
2024-12-06 00:00:00+00:00,APTUSD,13.65,14.79,13.47,14.7,,1272485.06,,,,,
2024-12-07 00:00:00+00:00,APTUSD,14.7,15.34,14.43,14.59,,1676409.37,,,,,
2024-12-08 00:00:00+00:00,APTUSD,14.59,14.69,14.06,14.51,,548649.95,,,,,
2024-12-09 00:00:00+00:00,APTUSD,14.51,14.52,10.47,11.96,,1804611.46,,,,,
2024-12-10 00:00:00+00:00,APTUSD,11.96,12.19,10.66,11.64,,1915559.95,,,,,
2024-12-11 00:00:00+00:00,APTUSD,11.64,12.97,11.18,12.89,,838843.68,,,,,
2024-12-12 00:00:00+00:00,APTUSD,12.89,14.14,12.87,13.67,,1685147.4,,,,,
2024-12-13 00:00:00+00:00,APTUSD,13.67,14.55,13.42,14.2,,1831653.14,,,,,
2024-12-14 00:00:00+00:00,APTUSD,14.2,14.7,13.15,13.41,,646104.79,,,,,
2024-12-15 00:00:00+00:00,APTUSD,13.41,13.75,13.04,13.65,,502343.59,,,,,
2024-12-16 00:00:00+00:00,APTUSD,13.65,14.22,13.22,13.93,,911914.02,,,,,
2024-12-17 00:00:00+00:00,APTUSD,13.93,14.37,12.73,12.93,,587244.18,,,,,
2024-12-18 00:00:00+00:00,APTUSD,12.93,12.99,11.56,11.82,,1023085.1,,,,,
2024-12-19 00:00:00+00:00,APTUSD,11.82,12.75,11.23,11.37,,1950414.42,,,,,
2024-12-20 00:00:00+00:00,APTUSD,11.37,11.89,9.951,10.85,,1985363.0,,,,,
2024-12-21 00:00:00+00:00,APTUSD,10.85,11.23,9.262,9.517,,2558627.45,,,,,
2024-12-22 00:00:00+00:00,APTUSD,9.517,9.66,8.964,9.221,,933080.69,,,,,
2024-12-23 00:00:00+00:00,APTUSD,9.221,9.827,8.878,9.691,,948155.13,,,,,
2024-12-24 00:00:00+00:00,APTUSD,9.691,9.932,9.254,9.811,,702779.84,,,,,
2024-12-25 00:00:00+00:00,APTUSD,9.811,9.941,9.472,9.543,,390415.89,,,,,
2024-12-26 00:00:00+00:00,APTUSD,9.543,9.65,8.742,8.793,,488237.84,,,,,
2024-12-27 00:00:00+00:00,APTUSD,8.793,9.289,8.641,8.728,,520755.41,,,,,
2024-12-28 00:00:00+00:00,APTUSD,8.728,9.61,8.601,9.18,,439945.74,,,,,
2024-12-29 00:00:00+00:00,APTUSD,9.18,9.22,8.776,8.867,,275063.39,,,,,
2024-12-30 00:00:00+00:00,APTUSD,8.867,9.3,8.672,8.859,,579586.59,,,,,
2024-12-31 00:00:00+00:00,APTUSD,8.859,9.027,8.641,8.7,,528949.57,,,,,
2025-01-01 00:00:00+00:00,APTUSD,8.7,9.02,8.41,9.013,,645718.23,,,,,
2025-01-02 00:00:00+00:00,APTUSD,9.013,9.42,8.992,9.278,,407001.08,,,,,
2025-01-03 00:00:00+00:00,APTUSD,9.278,9.886,9.152,9.806,,352642.99,,,,,
2025-01-04 00:00:00+00:00,APTUSD,9.806,10.07,9.633,10.0,,518108.76,,,,,
2025-01-05 00:00:00+00:00,APTUSD,10.0,10.16,9.718,10.1,,521395.47,,,,,
2025-01-06 00:00:00+00:00,APTUSD,10.1,10.36,9.804,10.19,,989478.34,,,,,
2025-01-07 00:00:00+00:00,APTUSD,10.19,10.68,9.519,9.673,,1899852.02,,,,,
2025-01-08 00:00:00+00:00,APTUSD,9.673,9.77,8.645,9.02,,1514769.53,,,,,
2025-01-09 00:00:00+00:00,APTUSD,9.02,9.13,8.456,8.65,,768597.2,,,,,
2025-01-10 00:00:00+00:00,APTUSD,8.65,9.275,8.643,9.144,,580223.51,,,,,
2025-01-11 00:00:00+00:00,APTUSD,9.144,9.267,8.842,9.126,,291834.99,,,,,
2025-01-12 00:00:00+00:00,APTUSD,9.126,9.151,8.721,8.831,,398472.82,,,,,
2025-01-13 00:00:00+00:00,APTUSD,8.831,9.079,7.905,8.481,,784684.63,,,,,
2025-01-14 00:00:00+00:00,APTUSD,8.481,9.108,8.413,9.019,,472278.84,,,,,
2025-01-15 00:00:00+00:00,APTUSD,9.019,9.517,8.742,9.471,,724130.82,,,,,
2025-01-16 00:00:00+00:00,APTUSD,9.471,9.499,9.02,9.23,,1048258.89,,,,,
2025-01-17 00:00:00+00:00,APTUSD,9.23,9.837,9.23,9.759,,642916.74,,,,,
2025-01-18 00:00:00+00:00,APTUSD,9.759,9.877,9.063,9.32,,677956.32,,,,,
2025-01-19 00:00:00+00:00,APTUSD,9.32,9.55,8.394,8.489,,968988.69,,,,,
2025-01-20 00:00:00+00:00,APTUSD,8.489,9.226,8.203,8.539,,1225026.15,,,,,
2025-01-21 00:00:00+00:00,APTUSD,8.539,8.869,8.093,8.74,,629410.38,,,,,
2025-01-22 00:00:00+00:00,APTUSD,8.74,8.977,8.452,8.487,,418380.67,,,,,
2025-01-23 00:00:00+00:00,APTUSD,8.487,8.578,8.091,8.339,,451605.09,,,,,
2025-01-24 00:00:00+00:00,APTUSD,8.339,8.575,7.99,8.21,,637268.06,,,,,
2025-01-25 00:00:00+00:00,APTUSD,8.21,8.26,8.041,8.092,,339031.32,,,,,
2025-01-26 00:00:00+00:00,APTUSD,8.092,8.438,7.808,7.82,,380920.82,,,,,
2025-01-27 00:00:00+00:00,APTUSD,7.82,7.82,6.869,7.634,,1084398.67,,,,,
2025-01-28 00:00:00+00:00,APTUSD,7.634,7.758,7.122,7.218,,682122.95,,,,,
2025-01-29 00:00:00+00:00,APTUSD,7.218,7.678,7.157,7.43,,638705.78,,,,,
2025-01-30 00:00:00+00:00,APTUSD,7.43,8.017,7.372,7.84,,652967.4,,,,,
2025-01-31 00:00:00+00:00,APTUSD,7.84,8.407,7.68,7.811,,730862.44,,,,,
2025-02-01 00:00:00+00:00,APTUSD,7.811,7.858,7.022,7.053,,363947.74,,,,,
2025-02-02 00:00:00+00:00,APTUSD,7.053,7.189,5.847,6.149,,1484819.55,,,,,
2025-02-03 00:00:00+00:00,APTUSD,6.149,6.517,4.593,6.51,,2432366.98,,,,,
2025-02-04 00:00:00+00:00,APTUSD,6.51,6.583,5.84,6.087,,723118.65,,,,,
2025-02-05 00:00:00+00:00,APTUSD,6.087,6.269,5.866,5.961,,508499.56,,,,,
2025-02-06 00:00:00+00:00,APTUSD,5.961,6.147,5.681,5.739,,976006.04,,,,,
2025-02-07 00:00:00+00:00,APTUSD,5.739,6.248,5.523,5.719,,1186218.32,,,,,
2025-02-08 00:00:00+00:00,APTUSD,5.719,5.889,5.512,5.844,,494708.13,,,,,
2025-02-09 00:00:00+00:00,APTUSD,5.844,5.977,5.602,5.9,,351526.81,,,,,
2025-02-10 00:00:00+00:00,APTUSD,5.9,6.388,5.673,6.199,,925006.48,,,,,
2025-02-11 00:00:00+00:00,APTUSD,6.199,6.397,5.811,5.881,,706681.87,,,,,
2025-02-12 00:00:00+00:00,APTUSD,5.881,6.248,5.743,6.16,,784448.5,,,,,
2025-02-13 00:00:00+00:00,APTUSD,6.16,6.307,5.951,6.131,,813115.48,,,,,
2025-02-14 00:00:00+00:00,APTUSD,6.131,6.32,5.998,6.1,,1156901.36,,,,,
2025-02-15 00:00:00+00:00,APTUSD,6.1,6.259,5.963,6.01,,332600.57,,,,,
2025-02-16 00:00:00+00:00,APTUSD,6.01,6.046,5.77,5.82,,219138.24,,,,,
2025-02-17 00:00:00+00:00,APTUSD,5.82,6.149,5.765,5.923,,422795.22,,,,,
2025-02-18 00:00:00+00:00,APTUSD,5.923,5.947,5.343,5.627,,571554.73,,,,,
2025-02-19 00:00:00+00:00,APTUSD,5.627,6.612,5.594,6.33,,1571822.68,,,,,
2025-02-20 00:00:00+00:00,APTUSD,6.33,7.058,6.141,6.309,,1405114.72,,,,,
2025-02-21 00:00:00+00:00,APTUSD,6.309,6.49,5.902,5.972,,886604.92,,,,,
2025-02-22 00:00:00+00:00,APTUSD,5.972,6.158,5.926,6.03,,335798.71,,,,,
2025-02-23 00:00:00+00:00,APTUSD,6.03,6.239,5.961,6.121,,339141.61,,,,,
2025-02-24 00:00:00+00:00,APTUSD,6.121,6.15,5.284,5.409,,631147.37,,,,,
2025-02-25 00:00:00+00:00,APTUSD,5.409,5.791,5.055,5.631,,880471.43,,,,,
2025-02-26 00:00:00+00:00,APTUSD,5.631,5.948,5.522,5.897,,485107.96,,,,,
2025-02-27 00:00:00+00:00,APTUSD,5.897,6.488,5.897,6.136,,853853.92,,,,,
2025-02-28 00:00:00+00:00,APTUSD,6.136,6.48,5.63,6.46,,732226.41,,,,,
2025-03-01 00:00:00+00:00,APTUSD,6.46,6.617,6.231,6.309,,436534.15,,,,,
2025-03-02 00:00:00+00:00,APTUSD,6.309,6.81,6.161,6.749,,615551.7,,,,,
2025-03-03 00:00:00+00:00,APTUSD,6.749,6.778,5.613,5.733,,607977.79,,,,,
2025-03-04 00:00:00+00:00,APTUSD,5.733,5.766,5.043,5.461,,837488.67,,,,,
2025-03-05 00:00:00+00:00,APTUSD,5.461,6.54,5.41,6.201,,1424095.47,,,,,
2025-03-06 00:00:00+00:00,APTUSD,6.201,6.296,5.92,5.989,,602321.49,,,,,
2025-03-07 00:00:00+00:00,APTUSD,5.989,6.378,5.812,6.165,,559058.94,,,,,
2025-03-08 00:00:00+00:00,APTUSD,6.165,6.21,5.772,5.949,,175610.29,,,,,
2025-03-09 00:00:00+00:00,APTUSD,5.949,6.147,5.572,5.607,,499191.64,,,,,
2025-03-10 00:00:00+00:00,APTUSD,5.607,5.75,5.013,5.191,,975265.09,,,,,
2025-03-11 00:00:00+00:00,APTUSD,5.191,5.659,5.023,5.3,,1013539.61,,,,,
2025-03-12 00:00:00+00:00,APTUSD,5.3,5.358,5.022,5.21,,708124.13,,,,,
2025-03-13 00:00:00+00:00,APTUSD,5.21,5.218,4.865,5.15,,621998.39,,,,,
2025-03-14 00:00:00+00:00,APTUSD,5.15,5.327,5.121,5.201,,490503.33,,,,,
2025-03-15 00:00:00+00:00,APTUSD,5.201,5.439,5.183,5.341,,387644.14,,,,,
2025-03-16 00:00:00+00:00,APTUSD,5.341,5.38,5.101,5.15,,417678.49,,,,,
2025-03-17 00:00:00+00:00,APTUSD,5.15,5.448,5.15,5.35,,452200.46,,,,,
2025-03-18 00:00:00+00:00,APTUSD,5.35,5.47,5.211,5.432,,424040.02,,,,,
2025-03-19 00:00:00+00:00,APTUSD,5.432,5.646,5.361,5.602,,506640.6,,,,,
2025-03-20 00:00:00+00:00,APTUSD,5.602,5.639,5.404,5.621,,280878.99,,,,,
2025-03-21 00:00:00+00:00,APTUSD,5.621,5.739,5.409,5.62,,368410.66,,,,,
2025-03-22 00:00:00+00:00,APTUSD,5.62,5.818,5.591,5.663,,178736.32,,,,,
2025-03-23 00:00:00+00:00,APTUSD,5.663,5.719,5.59,5.71,,172945.62,,,,,
2025-03-24 00:00:00+00:00,APTUSD,5.71,6.056,5.621,6.029,,472042.51,,,,,
2025-03-25 00:00:00+00:00,APTUSD,6.029,6.108,5.83,5.92,,331710.8,,,,,
2025-03-26 00:00:00+00:00,APTUSD,5.92,6.059,5.799,5.941,,314919.41,,,,,
2025-03-27 00:00:00+00:00,APTUSD,5.941,6.08,5.831,5.96,,319816.09,,,,,
2025-03-28 00:00:00+00:00,APTUSD,5.96,5.97,5.432,5.559,,424795.4,,,,,
2025-03-29 00:00:00+00:00,APTUSD,5.559,5.589,5.157,5.228,,367199.85,,,,,
2025-03-30 00:00:00+00:00,APTUSD,5.228,5.398,5.172,5.29,,300735.72,,,,,
2025-03-31 00:00:00+00:00,APTUSD,5.29,5.419,5.073,5.27,,504918.33,,,,,
2025-04-01 00:00:00+00:00,APTUSD,5.27,5.448,5.251,5.4,,263162.5,,,,,
2025-04-02 00:00:00+00:00,APTUSD,5.4,5.506,5.021,5.102,,557688.83,,,,,
2025-04-03 00:00:00+00:00,APTUSD,5.102,5.321,4.95,5.06,,406810.17,,,,,
2025-04-04 00:00:00+00:00,APTUSD,5.06,5.09,4.734,4.91,,468231.56,,,,,
2025-04-05 00:00:00+00:00,APTUSD,4.91,4.939,4.79,4.881,,127141.87,,,,,
2025-04-06 00:00:00+00:00,APTUSD,4.881,4.918,4.24,4.349,,475602.19,,,,,
2025-04-07 00:00:00+00:00,APTUSD,4.349,4.551,3.91,4.41,,705927.39,,,,,
2025-04-08 00:00:00+00:00,APTUSD,4.41,4.708,4.313,4.35,,403432.98,,,,,
2025-04-09 00:00:00+00:00,APTUSD,4.35,4.828,4.172,4.73,,793306.97,,,,,
2025-04-10 00:00:00+00:00,APTUSD,4.73,4.73,4.445,4.613,,491040.7,,,,,
2025-04-11 00:00:00+00:00,APTUSD,4.613,4.865,4.611,4.79,,373198.07,,,,,
2025-04-12 00:00:00+00:00,APTUSD,4.79,4.989,4.736,4.961,,305228.87,,,,,
2025-04-13 00:00:00+00:00,APTUSD,4.961,5.197,4.752,4.828,,618982.25,,,,,
2025-04-14 00:00:00+00:00,APTUSD,4.828,4.999,4.781,4.809,,502189.07,,,,,
2025-04-15 00:00:00+00:00,APTUSD,4.809,4.82,4.613,4.62,,420117.73,,,,,
2025-04-16 00:00:00+00:00,APTUSD,4.62,4.73,4.5,4.618,,385888.12,,,,,
2025-04-17 00:00:00+00:00,APTUSD,4.618,4.721,4.523,4.598,,446576.19,,,,,
2025-04-18 00:00:00+00:00,APTUSD,4.598,4.798,4.551,4.691,,246540.23,,,,,
2025-04-19 00:00:00+00:00,APTUSD,4.691,4.951,4.643,4.919,,253932.97,,,,,
2025-04-20 00:00:00+00:00,APTUSD,4.919,5.079,4.861,5.072,,424646.78,,,,,
2025-04-21 00:00:00+00:00,APTUSD,5.072,5.245,4.911,4.928,,365372.76,,,,,
2025-04-22 00:00:00+00:00,APTUSD,4.928,5.299,4.77,5.269,,605408.99,,,,,
2025-04-23 00:00:00+00:00,APTUSD,5.269,5.401,5.212,5.352,,711908.61,,,,,
2025-04-24 00:00:00+00:00,APTUSD,5.352,5.609,5.18,5.5,,1172083.64,,,,,
2025-04-25 00:00:00+00:00,APTUSD,5.5,5.648,5.341,5.549,,631998.91,,,,,
2025-04-26 00:00:00+00:00,APTUSD,5.549,5.688,5.492,5.62,,513013.29,,,,,
2025-04-27 00:00:00+00:00,APTUSD,5.62,5.659,5.314,5.379,,396050.8,,,,,
2025-04-28 00:00:00+00:00,APTUSD,5.379,5.66,5.252,5.529,,559364.39,,,,,
2025-04-29 00:00:00+00:00,APTUSD,5.529,5.706,5.39,5.43,,729767.48,,,,,
2025-04-30 00:00:00+00:00,APTUSD,5.43,5.459,5.155,5.342,,722760.13,,,,,
2025-05-01 00:00:00+00:00,APTUSD,5.342,5.59,5.342,5.501,,494072.9,,,,,
2025-05-02 00:00:00+00:00,APTUSD,5.501,5.586,5.38,5.449,,515463.38,,,,,
2025-05-03 00:00:00+00:00,APTUSD,5.449,5.456,5.141,5.19,,376393.32,,,,,
2025-05-04 00:00:00+00:00,APTUSD,5.19,5.219,5.072,5.1,,216115.37,,,,,
2025-05-05 00:00:00+00:00,APTUSD,5.1,5.208,4.961,4.97,,588914.36,,,,,
2025-05-06 00:00:00+00:00,APTUSD,4.97,4.979,4.591,4.77,,1051073.16,,,,,
2025-05-07 00:00:00+00:00,APTUSD,4.77,4.821,4.652,4.79,,394916.68,,,,,
2025-05-08 00:00:00+00:00,APTUSD,4.79,5.489,4.79,5.489,,989182.63,,,,,
2025-05-09 00:00:00+00:00,APTUSD,5.489,5.85,5.459,5.58,,1320725.65,,,,,
2025-05-10 00:00:00+00:00,APTUSD,5.58,6.079,5.509,6.07,,945188.11,,,,,
2025-05-11 00:00:00+00:00,APTUSD,6.07,6.279,5.79,5.888,,970341.03,,,,,
2025-05-12 00:00:00+00:00,APTUSD,5.888,6.159,5.609,5.85,,1196516.87,,,,,
2025-05-13 00:00:00+00:00,APTUSD,5.85,6.249,5.512,6.132,,1343912.38,,,,,
2025-05-14 00:00:00+00:00,APTUSD,6.132,6.18,5.691,5.74,,777430.82,,,,,
2025-05-15 00:00:00+00:00,APTUSD,5.74,5.821,5.194,5.31,,839022.92,,,,,
2025-05-16 00:00:00+00:00,APTUSD,5.31,5.448,5.223,5.261,,713847.0,,,,,
2025-05-17 00:00:00+00:00,APTUSD,5.261,5.277,5.022,5.08,,525472.7,,,,,
2025-05-18 00:00:00+00:00,APTUSD,5.08,5.326,4.894,5.193,,645860.08,,,,,
2025-05-19 00:00:00+00:00,APTUSD,5.193,5.222,4.839,5.21,,682277.8,,,,,
2025-05-20 00:00:00+00:00,APTUSD,5.21,5.298,4.998,5.149,,486066.29,,,,,
2025-05-21 00:00:00+00:00,APTUSD,5.149,5.389,5.083,5.272,,576128.96,,,,,
2025-05-22 00:00:00+00:00,APTUSD,5.272,5.78,5.271,5.717,,949370.06,,,,,
2025-05-23 00:00:00+00:00,APTUSD,5.717,5.998,5.321,5.342,,1160394.41,,,,,
2025-05-24 00:00:00+00:00,APTUSD,5.342,5.447,5.29,5.319,,352160.2,,,,,
2025-05-25 00:00:00+00:00,APTUSD,5.319,5.339,5.01,5.269,,451784.08,,,,,
2025-05-26 00:00:00+00:00,APTUSD,5.269,5.487,5.241,5.289,,449292.49,,,,,
2025-05-27 00:00:00+00:00,APTUSD,5.289,5.52,5.193,5.371,,403633.35,,,,,
2025-05-28 00:00:00+00:00,APTUSD,5.371,5.487,5.231,5.389,,501058.48,,,,,
2025-05-29 00:00:00+00:00,APTUSD,5.389,5.579,5.142,5.159,,433431.03,,,,,
2025-05-30 00:00:00+00:00,APTUSD,5.159,5.186,4.692,4.74,,889592.31,,,,,
2025-05-31 00:00:00+00:00,APTUSD,4.74,4.819,4.53,4.73,,699171.74,,,,,
2025-06-01 00:00:00+00:00,APTUSD,4.73,4.83,4.641,4.81,,326956.25,,,,,
2025-06-02 00:00:00+00:00,APTUSD,4.81,4.909,4.661,4.89,,260729.67,,,,,
2025-06-03 00:00:00+00:00,APTUSD,4.89,5.04,4.864,4.931,,248152.48,,,,,
2025-06-04 00:00:00+00:00,APTUSD,4.931,5.015,4.752,4.79,,333353.84,,,,,
2025-06-05 00:00:00+00:00,APTUSD,4.79,4.869,4.442,4.491,,609015.22,,,,,
2025-06-06 00:00:00+00:00,APTUSD,4.491,4.727,4.466,4.619,,236034.79,,,,,
2025-06-07 00:00:00+00:00,APTUSD,4.619,4.77,4.611,4.75,,130518.84,,,,,
2025-06-08 00:00:00+00:00,APTUSD,4.75,4.78,4.6,4.711,,200678.91,,,,,
2025-06-09 00:00:00+00:00,APTUSD,4.711,4.969,4.644,4.959,,156440.54,,,,,
2025-06-10 00:00:00+00:00,APTUSD,4.959,5.139,4.881,5.139,,261908.94,,,,,
2025-06-11 00:00:00+00:00,APTUSD,5.139,5.248,4.946,5.021,,477168.37,,,,,
2025-06-12 00:00:00+00:00,APTUSD,5.021,5.07,4.681,4.702,,212414.61,,,,,
2025-06-13 00:00:00+00:00,APTUSD,4.702,4.702,4.345,4.499,,853701.21,,,,,
2025-06-14 00:00:00+00:00,APTUSD,4.499,4.55,4.32,4.461,,356326.42,,,,,
2025-06-15 00:00:00+00:00,APTUSD,4.461,4.551,4.44,4.539,,196304.11,,,,,
2025-06-16 00:00:00+00:00,APTUSD,4.539,4.912,4.5,4.681,,1260080.74,,,,,
2025-06-17 00:00:00+00:00,APTUSD,4.681,4.759,4.39,4.449,,357661.68,,,,,
2025-06-18 00:00:00+00:00,APTUSD,4.449,4.53,4.279,4.46,,268685.91,,,,,
2025-06-19 00:00:00+00:00,APTUSD,4.46,4.509,4.273,4.39,,668723.49,,,,,
2025-06-20 00:00:00+00:00,APTUSD,4.39,4.48,4.18,4.279,,494787.5,,,,,
2025-06-21 00:00:00+00:00,APTUSD,4.279,4.69,4.064,4.169,,740963.04,,,,,
2025-06-22 00:00:00+00:00,APTUSD,4.169,4.221,3.751,3.929,,790435.83,,,,,
2025-06-23 00:00:00+00:00,APTUSD,3.929,4.351,3.873,4.32,,717417.25,,,,,
2025-06-24 00:00:00+00:00,APTUSD,4.32,5.138,4.258,4.959,,2850234.99,,,,,
2025-06-25 00:00:00+00:00,APTUSD,4.959,5.09,4.631,4.89,,3479327.73,,,,,
2025-06-26 00:00:00+00:00,APTUSD,4.89,5.031,4.65,4.881,,942702.46,,,,,
2025-06-27 00:00:00+00:00,APTUSD,4.881,5.307,4.805,4.84,,1754570.99,,,,,
2025-06-28 00:00:00+00:00,APTUSD,4.84,4.958,4.731,4.85,,723432.66,,,,,
2025-06-29 00:00:00+00:00,APTUSD,4.85,5.01,4.711,4.96,,664312.72,,,,,
2025-06-30 00:00:00+00:00,APTUSD,4.96,4.96,4.77,4.89,,482565.41,,,,,
2025-07-01 00:00:00+00:00,APTUSD,4.89,4.95,4.49,4.491,,505280.97,,,,,
2025-07-02 00:00:00+00:00,APTUSD,4.491,4.857,4.421,4.74,,613945.07,,,,,
2025-07-03 00:00:00+00:00,APTUSD,4.74,4.851,4.669,4.74,,508953.82,,,,,
2025-07-04 00:00:00+00:00,APTUSD,4.74,4.768,4.321,4.408,,670740.97,,,,,
2025-07-05 00:00:00+00:00,APTUSD,4.408,4.458,4.357,4.428,,131513.11,,,,,
2025-07-06 00:00:00+00:00,APTUSD,4.428,4.533,4.378,4.47,,291378.1,,,,,
2025-07-07 00:00:00+00:00,APTUSD,4.47,4.508,4.402,4.45,,218122.0,,,,,
2025-07-08 00:00:00+00:00,APTUSD,4.45,4.48,4.36,4.471,,355324.43,,,,,
2025-07-09 00:00:00+00:00,APTUSD,4.471,4.686,4.407,4.641,,549490.22,,,,,
2025-07-10 00:00:00+00:00,APTUSD,4.641,4.907,4.564,4.882,,671847.47,,,,,
2025-07-11 00:00:00+00:00,APTUSD,4.882,5.095,4.776,4.889,,1192323.15,,,,,
2025-07-12 00:00:00+00:00,APTUSD,4.889,4.947,4.667,4.802,,502465.78,,,,,
2025-07-13 00:00:00+00:00,APTUSD,4.802,5.058,4.79,4.932,,751341.19,,,,,
2025-07-14 00:00:00+00:00,APTUSD,4.932,5.21,4.9,4.979,,1095899.27,,,,,
2025-07-15 00:00:00+00:00,APTUSD,4.979,5.117,4.782,5.097,,556643.53,,,,,
2025-07-16 00:00:00+00:00,APTUSD,5.097,5.379,5.041,5.208,,956491.84,,,,,
2025-07-17 00:00:00+00:00,APTUSD,5.208,5.368,5.06,5.293,,1029325.87,,,,,
2025-07-18 00:00:00+00:00,APTUSD,5.293,5.58,5.206,5.321,,1194241.81,,,,,
2025-07-19 00:00:00+00:00,APTUSD,5.321,5.437,5.161,5.321,,456071.88,,,,,
2025-07-20 00:00:00+00:00,APTUSD,5.321,5.511,5.211,5.313,,804446.99,,,,,
2025-07-21 00:00:00+00:00,APTUSD,5.313,5.55,5.225,5.412,,1470064.72,,,,,
2025-07-22 00:00:00+00:00,APTUSD,5.412,5.485,5.162,5.478,,1154855.91,,,,,
2025-07-23 00:00:00+00:00,APTUSD,5.478,5.658,4.7,4.819,,1550772.09,,,,,
2025-07-24 00:00:00+00:00,APTUSD,4.819,4.867,4.453,4.63,,1065732.18,,,,,
2025-07-25 00:00:00+00:00,APTUSD,4.63,4.768,4.519,4.759,,690634.55,,,,,
2025-07-26 00:00:00+00:00,APTUSD,4.759,4.859,4.73,4.802,,288256.79,,,,,
2025-07-27 00:00:00+00:00,APTUSD,4.802,4.927,4.761,4.901,,407284.91,,,,,
2025-07-28 00:00:00+00:00,APTUSD,4.901,4.986,4.619,4.65,,627034.92,,,,,
2025-07-29 00:00:00+00:00,APTUSD,4.65,4.778,4.452,4.581,,582481.23,,,,,
2025-07-30 00:00:00+00:00,APTUSD,4.581,4.59,4.269,4.49,,591428.74,,,,,
2025-07-31 00:00:00+00:00,APTUSD,4.49,4.626,4.304,4.32,,541661.92,,,,,
2025-08-01 00:00:00+00:00,APTUSD,4.32,4.38,4.117,4.234,,669733.54,,,,,
2025-08-02 00:00:00+00:00,APTUSD,4.234,4.288,4.052,4.121,,534086.32,,,,,
2025-08-03 00:00:00+00:00,APTUSD,4.121,4.249,4.062,4.222,,293480.14,,,,,
2025-08-04 00:00:00+00:00,APTUSD,4.222,4.369,4.221,4.36,,344086.39,,,,,
2025-08-05 00:00:00+00:00,APTUSD,4.36,4.378,4.179,4.289,,422590.4,,,,,
2025-08-06 00:00:00+00:00,APTUSD,4.289,4.301,4.171,4.242,,320856.41,,,,,
2025-08-07 00:00:00+00:00,APTUSD,4.242,4.429,4.22,4.427,,282680.37,,,,,
2025-08-08 00:00:00+00:00,APTUSD,4.427,4.719,4.355,4.653,,1650053.36,,,,,
2025-08-09 00:00:00+00:00,APTUSD,4.653,4.87,4.634,4.782,,537104.34,,,,,
2025-08-10 00:00:00+00:00,APTUSD,4.782,4.858,4.59,4.7,,868054.81,,,,,
2025-08-11 00:00:00+00:00,APTUSD,4.7,4.831,4.509,4.523,,588520.08,,,,,
2025-08-12 00:00:00+00:00,APTUSD,4.523,4.902,4.483,4.813,,710304.22,,,,,
2025-08-13 00:00:00+00:00,APTUSD,4.813,5.089,4.728,5.053,,1319870.0,,,,,
2025-08-14 00:00:00+00:00,APTUSD,5.053,5.15,4.654,4.722,,1134842.94,,,,,
2025-08-15 00:00:00+00:00,APTUSD,4.722,4.85,4.533,4.662,,642678.02,,,,,
2025-08-16 00:00:00+00:00,APTUSD,4.662,4.76,4.621,4.748,,198120.64,,,,,
2025-08-17 00:00:00+00:00,APTUSD,4.748,4.949,4.712,4.791,,259203.9,,,,,
2025-08-18 00:00:00+00:00,APTUSD,4.791,4.799,4.551,4.57,,543713.55,,,,,
2025-08-19 00:00:00+00:00,APTUSD,4.57,4.628,4.29,4.299,,2679217.35,,,,,
2025-08-20 00:00:00+00:00,APTUSD,4.299,4.51,4.279,4.489,,394124.21,,,,,
2025-08-21 00:00:00+00:00,APTUSD,4.489,4.502,4.341,4.408,,415948.38,,,,,
2025-08-22 00:00:00+00:00,APTUSD,4.408,4.811,4.28,4.801,,792679.72,,,,,
2025-08-23 00:00:00+00:00,APTUSD,4.801,4.801,4.611,4.751,,423459.99,,,,,
2025-08-24 00:00:00+00:00,APTUSD,4.751,4.8,4.55,4.631,,532693.57,,,,,
2025-08-25 00:00:00+00:00,APTUSD,4.631,4.659,4.203,4.259,,575169.01,,,,,
2025-08-26 00:00:00+00:00,APTUSD,4.259,4.428,4.231,4.379,,376565.6,,,,,
2025-08-27 00:00:00+00:00,APTUSD,4.379,4.431,4.34,4.36,,417116.74,,,,,
2025-08-28 00:00:00+00:00,APTUSD,4.36,4.481,4.331,4.468,,411166.18,,,,,
2025-08-29 00:00:00+00:00,APTUSD,4.468,4.468,4.191,4.268,,507955.66,,,,,
2025-08-30 00:00:00+00:00,APTUSD,4.268,4.339,4.191,4.329,,221449.09,,,,,
2025-08-31 00:00:00+00:00,APTUSD,4.329,4.37,4.25,4.251,,208149.82,,,,,
2025-09-01 00:00:00+00:00,APTUSD,4.251,4.465,4.114,4.209,,574021.72,,,,,
2025-09-02 00:00:00+00:00,APTUSD,4.209,4.356,4.183,4.332,,504267.18,,,,,
2025-09-03 00:00:00+00:00,APTUSD,4.332,4.41,4.262,4.378,,344720.45,,,,,
2025-09-04 00:00:00+00:00,APTUSD,4.378,4.389,4.21,4.249,,246579.17,,,,,
2025-09-05 00:00:00+00:00,APTUSD,4.249,4.36,4.231,4.25,,320672.34,,,,,
2025-09-06 00:00:00+00:00,APTUSD,4.25,4.26,4.171,4.2,,514276.98,,,,,
2025-09-07 00:00:00+00:00,APTUSD,4.2,4.29,4.2,4.271,,201452.57,,,,,
2025-09-08 00:00:00+00:00,APTUSD,4.271,4.448,4.252,4.409,,502715.63,,,,,
2025-09-09 00:00:00+00:00,APTUSD,4.409,4.53,4.343,4.39,,576872.3,,,,,
2025-09-10 00:00:00+00:00,APTUSD,4.39,4.497,4.369,4.481,,500828.52,,,,,
2025-09-11 00:00:00+00:00,APTUSD,4.481,4.569,4.44,4.521,,435436.16,,,,,
2025-09-12 00:00:00+00:00,APTUSD,4.521,4.63,4.471,4.629,,540636.23,,,,,
2025-09-13 00:00:00+00:00,APTUSD,4.629,4.75,4.571,4.669,,622692.12,,,,,
2025-09-14 00:00:00+00:00,APTUSD,4.669,4.67,4.46,4.53,,488786.02,,,,,
2025-09-15 00:00:00+00:00,APTUSD,4.53,4.61,4.32,4.38,,529822.22,,,,,
2025-09-16 00:00:00+00:00,APTUSD,4.38,4.473,4.331,4.441,,349000.06,,,,,
2025-09-17 00:00:00+00:00,APTUSD,4.441,4.61,4.36,4.579,,439243.78,,,,,
2025-09-18 00:00:00+00:00,APTUSD,4.579,4.748,4.552,4.69,,793808.98,,,,,
2025-09-19 00:00:00+00:00,APTUSD,4.69,4.78,4.53,4.55,,711165.8,,,,,
2025-09-20 00:00:00+00:00,APTUSD,4.55,4.729,4.541,4.619,,311818.06,,,,,
2025-09-21 00:00:00+00:00,APTUSD,4.619,4.7,4.571,4.612,,315958.63,,,,,
2025-09-22 00:00:00+00:00,APTUSD,4.612,4.631,4.181,4.312,,1081262.65,,,,,
2025-09-23 00:00:00+00:00,APTUSD,4.312,4.371,4.211,4.299,,517484.06,,,,,
2025-09-24 00:00:00+00:00,APTUSD,4.299,4.351,4.209,4.241,,481441.19,,,,,
2025-09-25 00:00:00+00:00,APTUSD,4.241,4.241,3.908,3.93,,939655.53,,,,,
2025-09-26 00:00:00+00:00,APTUSD,3.93,4.12,3.901,4.101,,769559.25,,,,,
2025-09-27 00:00:00+00:00,APTUSD,4.101,4.27,4.061,4.22,,347302.51,,,,,
2025-09-28 00:00:00+00:00,APTUSD,4.22,4.259,4.061,4.23,,292133.32,,,,,
2025-09-29 00:00:00+00:00,APTUSD,4.23,4.33,4.2,4.281,,340110.44,,,,,
2025-09-30 00:00:00+00:00,APTUSD,4.281,4.409,4.2,4.408,,549422.82,,,,,
2025-10-01 00:00:00+00:00,APTUSD,4.408,4.878,4.381,4.871,,1254981.65,,,,,
2025-10-02 00:00:00+00:00,APTUSD,4.871,5.237,4.821,5.23,,1523205.58,,,,,
2025-10-03 00:00:00+00:00,APTUSD,5.23,5.45,5.079,5.371,,2354599.74,,,,,
2025-10-04 00:00:00+00:00,APTUSD,5.371,5.559,5.12,5.205,,1325151.24,,,,,
2025-10-05 00:00:00+00:00,APTUSD,5.205,5.649,5.205,5.47,,1229429.16,,,,,
2025-10-06 00:00:00+00:00,APTUSD,5.47,5.58,5.255,5.289,,1501723.03,,,,,
2025-10-07 00:00:00+00:00,APTUSD,5.289,5.488,5.193,5.317,,868116.27,,,,,
2025-10-08 00:00:00+00:00,APTUSD,5.317,5.386,5.141,5.174,,1249476.5,,,,,
2025-10-09 00:00:00+00:00,APTUSD,5.174,5.175,4.81,5.01,,1017315.63,,,,,
2025-10-10 00:00:00+00:00,APTUSD,5.01,5.12,3.495,3.931,,2748495.37,,,,,
2025-10-11 00:00:00+00:00,APTUSD,3.931,4.12,3.518,3.65,,2463813.47,,,,,
2025-10-12 00:00:00+00:00,APTUSD,3.65,4.04,3.51,3.927,,2338778.71,,,,,
2025-10-13 00:00:00+00:00,APTUSD,3.927,3.969,3.66,3.931,,1028192.88,,,,,
2025-10-14 00:00:00+00:00,APTUSD,3.931,3.953,3.536,3.689,,1938896.21,,,,,
2025-10-15 00:00:00+00:00,APTUSD,3.689,3.761,3.425,3.525,,1474318.39,,,,,
2025-10-16 00:00:00+00:00,APTUSD,3.525,3.584,3.248,3.296,,1938924.68,,,,,
2025-10-17 00:00:00+00:00,APTUSD,3.296,3.342,2.958,3.193,,2253544.04,,,,,
2025-10-18 00:00:00+00:00,APTUSD,3.193,3.234,3.078,3.21,,905560.94,,,,,
2025-10-19 00:00:00+00:00,APTUSD,3.21,3.262,3.129,3.193,,784265.19,,,,,
2025-10-20 00:00:00+00:00,APTUSD,3.193,3.363,3.133,3.263,,840970.62,,,,,
2025-10-21 00:00:00+00:00,APTUSD,3.263,3.385,3.116,3.223,,666525.41,,,,,
2025-10-22 00:00:00+00:00,APTUSD,3.223,3.391,3.103,3.193,,1379778.97,,,,,
2025-10-23 00:00:00+00:00,APTUSD,3.193,3.326,3.167,3.246,,502114.43,,,,,
2025-10-24 00:00:00+00:00,APTUSD,3.246,3.321,3.166,3.305,,711037.37,,,,,
2025-10-25 00:00:00+00:00,APTUSD,3.305,3.341,3.247,3.315,,562047.11,,,,,
2025-10-26 00:00:00+00:00,APTUSD,3.315,3.652,3.281,3.589,,1168259.16,,,,,
2025-10-27 00:00:00+00:00,APTUSD,3.589,3.645,3.42,3.459,,849452.19,,,,,
2025-10-28 00:00:00+00:00,APTUSD,3.462,3.391,3.318,3.357,,5740013.35,,,,,
2025-10-29 00:00:00+00:00,APTUSD,3.359,3.509,3.315,3.403,,817434.51,,,,,
2025-10-30 00:00:00+00:00,APTUSD,3.403,3.467,3.066,3.206,,1409839.58,,,,,
2025-10-31 00:00:00+00:00,APTUSD,3.206,3.307,3.189,3.258,,674384.73,,,,,
2025-11-01 00:00:00+00:00,APTUSD,3.258,3.338,3.229,3.331,,710068.31,,,,,
2025-11-02 00:00:00+00:00,APTUSD,3.331,3.427,3.247,3.374,,951855.31,,,,,
2025-11-03 00:00:00+00:00,APTUSD,3.374,3.384,2.668,2.778,,1989627.35,,,,,
2025-11-04 00:00:00+00:00,APTUSD,2.778,2.845,2.396,2.562,,2577369.89,,,,,
2025-11-05 00:00:00+00:00,APTUSD,2.562,2.707,2.42,2.682,,1261154.53,,,,,
2025-11-06 00:00:00+00:00,APTUSD,2.682,2.773,2.604,2.744,,1162972.81,,,,,
2025-11-07 00:00:00+00:00,APTUSD,2.744,3.464,2.733,3.163,,3731412.43,,,,,
2025-11-08 00:00:00+00:00,APTUSD,3.163,3.248,2.981,3.085,,1183024.88,,,,,
2025-11-09 00:00:00+00:00,APTUSD,3.085,3.261,2.939,3.238,,982338.42,,,,,
2025-11-10 00:00:00+00:00,APTUSD,3.238,3.347,3.18,3.297,,1427525.74,,,,,
2025-11-11 00:00:00+00:00,APTUSD,3.297,3.376,3.077,3.092,,969227.48,,,,,
2025-11-12 00:00:00+00:00,APTUSD,3.092,3.201,2.99,3.035,,755675.3,,,,,
2025-11-13 00:00:00+00:00,APTUSD,3.035,3.163,2.866,2.977,,1026112.06,,,,,
2025-11-14 00:00:00+00:00,APTUSD,2.977,3.13,2.814,2.918,,1493975.67,,,,,
2025-11-15 00:00:00+00:00,APTUSD,2.918,3.024,2.89,2.924,,680635.33,,,,,
2025-11-16 00:00:00+00:00,APTUSD,2.924,2.973,2.744,2.828,,768059.35,,,,,
2025-11-17 00:00:00+00:00,APTUSD,2.828,2.944,2.68,2.749,,1339036.07,,,,,
2025-11-18 00:00:00+00:00,APTUSD,2.749,2.965,2.709,2.911,,1742318.13,,,,,
2025-11-19 00:00:00+00:00,APTUSD,2.911,2.925,2.713,2.882,,1510768.06,,,,,
2025-11-20 00:00:00+00:00,APTUSD,2.882,3.056,2.729,2.739,,2507153.83,,,,,
2025-11-21 00:00:00+00:00,APTUSD,2.739,2.822,2.331,2.395,,3051941.47,,,,,
2025-11-22 00:00:00+00:00,APTUSD,2.395,2.407,2.282,2.326,,1592616.34,,,,,
2025-11-23 00:00:00+00:00,APTUSD,2.326,2.379,2.307,2.338,,978486.35,,,,,
2025-11-24 00:00:00+00:00,APTUSD,2.338,2.389,2.235,2.343,,1794654.79,,,,,
2025-11-25 00:00:00+00:00,APTUSD,2.343,2.363,2.195,2.293,,1942178.72,,,,,
2025-11-26 00:00:00+00:00,APTUSD,2.293,2.299,2.151,2.273,,1871117.0,,,,,
2025-11-27 00:00:00+00:00,APTUSD,2.273,2.348,2.228,2.266,,1202197.5,,,,,
2025-11-28 00:00:00+00:00,APTUSD,2.266,2.271,2.111,2.159,,1487782.96,,,,,
2025-11-29 00:00:00+00:00,APTUSD,2.159,2.162,1.973,2.04,,2910412.1,,,,,
2025-11-30 00:00:00+00:00,APTUSD,2.04,2.057,1.98,1.986,,1719835.63,,,,,
2025-12-01 00:00:00+00:00,APTUSD,1.986,1.987,1.813,1.869,,3445178.86,,,,,
2025-12-02 00:00:00+00:00,APTUSD,1.869,2.007,1.84,1.97,,2553392.0,,,,,
2025-12-03 00:00:00+00:00,APTUSD,1.97,2.067,1.958,2.022,,2077080.72,,,,,
2025-12-04 00:00:00+00:00,APTUSD,2.022,2.037,1.918,1.936,,1475418.95,,,,,
2025-12-05 00:00:00+00:00,APTUSD,1.936,1.954,1.716,1.749,,5336074.44,,,,,
2025-12-06 00:00:00+00:00,APTUSD,1.749,1.816,1.689,1.758,,1540264.03,,,,,
2025-12-07 00:00:00+00:00,APTUSD,1.758,1.777,1.663,1.709,,2052781.04,,,,,
2025-12-08 00:00:00+00:00,APTUSD,1.709,1.812,1.684,1.792,,2184599.48,,,,,
2025-12-09 00:00:00+00:00,APTUSD,1.792,1.921,1.728,1.887,,2485362.7,,,,,
2025-12-10 00:00:00+00:00,APTUSD,1.887,1.912,1.77,1.779,,1805276.23,,,,,
2025-12-11 00:00:00+00:00,APTUSD,1.779,1.781,1.681,1.725,,2048735.87,,,,,
2025-12-12 00:00:00+00:00,APTUSD,1.725,1.737,1.601,1.631,,1743389.77,,,,,
2025-12-13 00:00:00+00:00,APTUSD,1.631,1.71,1.625,1.699,,1143196.67,,,,,
2025-12-14 00:00:00+00:00,APTUSD,1.699,1.702,1.598,1.616,,1152564.06,,,,,
2025-12-15 00:00:00+00:00,APTUSD,1.616,1.671,1.524,1.572,,2063086.93,,,,,
2025-12-16 00:00:00+00:00,APTUSD,1.572,1.606,1.539,1.591,,1446153.73,,,,,
2025-12-17 00:00:00+00:00,APTUSD,1.591,1.641,1.477,1.5,,1957942.23,,,,,
2025-12-18 00:00:00+00:00,APTUSD,1.5,1.566,1.418,1.449,,2069504.51,,,,,
2025-12-19 00:00:00+00:00,APTUSD,1.449,1.662,1.424,1.638,,2488705.43,,,,,
2025-12-20 00:00:00+00:00,APTUSD,1.638,1.699,1.593,1.612,,1759580.94,,,,,
2025-12-21 00:00:00+00:00,APTUSD,1.612,1.657,1.549,1.574,,1213369.42,,,,,
2025-12-22 00:00:00+00:00,APTUSD,1.574,1.666,1.558,1.62,,1553909.9,,,,,
2025-12-23 00:00:00+00:00,APTUSD,1.62,1.641,1.558,1.612,,1704176.0,,,,,
2025-12-24 00:00:00+00:00,APTUSD,1.612,1.643,1.555,1.64,,991157.14,,,,,
2025-12-25 00:00:00+00:00,APTUSD,1.64,1.688,1.589,1.592,,1581178.74,,,,,
2025-12-26 00:00:00+00:00,APTUSD,1.592,1.719,1.59,1.679,,1875232.4,,,,,
2025-12-27 00:00:00+00:00,APTUSD,1.679,1.758,1.674,1.754,,1441305.0,,,,,
2025-12-28 00:00:00+00:00,APTUSD,1.754,1.757,1.696,1.724,,886784.75,,,,,
2025-12-29 00:00:00+00:00,APTUSD,1.724,1.804,1.672,1.675,,2302773.31,,,,,
2025-12-30 00:00:00+00:00,APTUSD,1.675,1.754,1.667,1.715,,1598604.11,,,,,
2025-12-31 00:00:00+00:00,APTUSD,1.715,1.74,1.637,1.657,,2061608.83,,,,,
2026-01-01 00:00:00+00:00,APTUSD,1.657,1.871,1.65,1.862,,1901729.52,,,,,
2026-01-02 00:00:00+00:00,APTUSD,1.862,1.908,1.809,1.904,,1454702.49,,,,,
2026-01-03 00:00:00+00:00,APTUSD,1.904,1.933,1.848,1.9,,912926.22,,,,,
2026-01-04 00:00:00+00:00,APTUSD,1.9,1.957,1.896,1.941,,922464.08,,,,,
2026-01-05 00:00:00+00:00,APTUSD,1.941,1.985,1.898,1.966,,1597747.75,,,,,
2026-01-06 00:00:00+00:00,APTUSD,1.966,2.012,1.864,1.96,,1920684.1,,,,,
2026-01-07 00:00:00+00:00,APTUSD,1.96,1.961,1.862,1.884,,1096980.02,,,,,
2026-01-08 00:00:00+00:00,APTUSD,1.884,1.894,1.769,1.817,,972401.2,,,,,
2026-01-09 00:00:00+00:00,APTUSD,1.817,1.841,1.77,1.822,,1257682.71,,,,,
2026-01-10 00:00:00+00:00,APTUSD,1.822,1.837,1.796,1.812,,486938.05,,,,,
2026-01-11 00:00:00+00:00,APTUSD,1.812,1.823,1.743,1.767,,1018091.96,,,,,
2026-01-12 00:00:00+00:00,APTUSD,1.767,1.819,1.729,1.765,,879808.36,,,,,
2026-01-13 00:00:00+00:00,APTUSD,1.765,2.0,1.762,1.971,,2553200.04,,,,,
2026-01-14 00:00:00+00:00,APTUSD,1.971,1.986,1.9,1.934,,1465219.74,,,,,
2026-01-15 00:00:00+00:00,APTUSD,1.934,1.948,1.764,1.802,,915184.81,,,,,
2026-01-16 00:00:00+00:00,APTUSD,1.802,1.81,1.748,1.789,,658598.49,,,,,
2026-01-17 00:00:00+00:00,APTUSD,1.789,1.908,1.787,1.863,,895646.43,,,,,
2026-01-18 00:00:00+00:00,APTUSD,1.863,1.88,1.723,1.724,,948393.67,,,,,
2026-01-19 00:00:00+00:00,APTUSD,1.724,1.724,1.55,1.612,,2026981.27,,,,,
2026-01-20 00:00:00+00:00,APTUSD,1.612,1.628,1.519,1.532,,1158482.35,,,,,
2026-01-21 00:00:00+00:00,APTUSD,1.532,1.602,1.507,1.557,,1208058.29,,,,,
2026-01-22 00:00:00+00:00,APTUSD,1.557,1.583,1.516,1.548,,1171579.48,,,,,
2026-01-23 00:00:00+00:00,APTUSD,1.548,1.617,1.533,1.551,,1221707.97,,,,,
2026-01-24 00:00:00+00:00,APTUSD,1.551,1.564,1.533,1.543,,376280.92,,,,,
2026-01-25 00:00:00+00:00,APTUSD,1.543,1.584,1.447,1.486,,1279085.24,,,,,
2026-01-26 00:00:00+00:00,APTUSD,1.486,1.59,1.481,1.549,,934595.95,,,,,
2026-01-27 00:00:00+00:00,APTUSD,1.549,1.597,1.523,1.59,,1207411.15,,,,,
2026-01-28 00:00:00+00:00,APTUSD,1.59,1.627,1.57,1.61,,1070227.48,,,,,
2026-01-29 00:00:00+00:00,APTUSD,1.61,1.613,1.442,1.492,,1503450.3,,,,,
2026-01-30 00:00:00+00:00,APTUSD,1.492,1.504,1.413,1.449,,1046075.3,,,,,
2026-01-31 00:00:00+00:00,APTUSD,1.449,1.456,1.146,1.274,,2679790.67,,,,,
2026-02-01 00:00:00+00:00,APTUSD,1.274,1.299,1.205,1.235,,1090142.53,,,,,
2026-02-02 00:00:00+00:00,APTUSD,1.235,1.296,1.197,1.278,,1042139.49,,,,,
2026-02-03 00:00:00+00:00,APTUSD,1.278,1.3,1.195,1.246,,1281115.03,,,,,
2026-02-04 00:00:00+00:00,APTUSD,1.246,1.279,1.195,1.217,,1310237.06,,,,,
2026-02-05 00:00:00+00:00,APTUSD,1.217,1.233,1.017,1.03,,2285018.28,,,,,
2026-02-06 00:00:00+00:00,APTUSD,1.03,1.163,0.9024,1.138,,2734462.36,,,,,
2026-02-07 00:00:00+00:00,APTUSD,1.138,1.147,1.08,1.112,,866678.25,,,,,
2026-02-08 00:00:00+00:00,APTUSD,1.112,1.112,1.049,1.067,,735464.82,,,,,
2026-02-09 00:00:00+00:00,APTUSD,1.067,1.079,1.009,1.042,,721613.56,,,,,
2026-02-10 00:00:00+00:00,APTUSD,1.042,1.046,0.9718,0.9883,,998605.25,,,,,
2026-02-11 00:00:00+00:00,APTUSD,0.9883,1.01,0.9161,0.9232,,1484487.38,,,,,
2026-02-12 00:00:00+00:00,APTUSD,0.9232,0.9618,0.8929,0.9249,,1493812.51,,,,,
2026-02-13 00:00:00+00:00,APTUSD,0.9249,0.9571,0.8964,0.9396,,1221897.24,,,,,
2026-02-14 00:00:00+00:00,APTUSD,0.9396,1.007,0.9357,0.9871,,1390551.2,,,,,
2026-02-15 00:00:00+00:00,APTUSD,0.9871,0.9874,0.906,0.9337,,895069.48,,,,,
2026-02-16 00:00:00+00:00,APTUSD,0.9337,0.9387,0.8984,0.9289,,1323118.04,,,,,
2026-02-17 00:00:00+00:00,APTUSD,0.9289,0.9474,0.9081,0.9166,,976833.32,,,,,
2026-02-18 00:00:00+00:00,APTUSD,0.9166,0.9286,0.8685,0.8778,,910970.37,,,,,
2026-02-19 00:00:00+00:00,APTUSD,0.8778,0.8911,0.8384,0.8655,,985910.62,,,,,
2026-02-20 00:00:00+00:00,APTUSD,0.8655,0.8912,0.845,0.8837,,778126.1,,,,,
2026-02-21 00:00:00+00:00,APTUSD,0.8837,0.9084,0.875,0.8856,,624937.57,,,,,
2026-02-22 00:00:00+00:00,APTUSD,0.8856,0.8856,0.8196,0.8414,,1513913.01,,,,,
2026-02-23 00:00:00+00:00,APTUSD,0.8414,0.8668,0.791,0.8105,,2485892.41,,,,,
2026-02-24 00:00:00+00:00,APTUSD,0.8105,0.8375,0.7977,0.8238,,1209749.81,,,,,
2026-02-25 00:00:00+00:00,APTUSD,0.8238,1.113,0.8218,1.004,,4914597.64,,,,,
2026-02-26 00:00:00+00:00,APTUSD,1.004,1.009,0.9282,0.9653,,2280615.29,,,,,
2026-02-27 00:00:00+00:00,APTUSD,0.9653,1.026,0.9205,0.9356,,2271017.52,,,,,
2026-02-28 00:00:00+00:00,APTUSD,0.9356,0.9734,0.8654,0.9631,,2515138.84,,,,,
2026-03-01 00:00:00+00:00,APTUSD,0.9631,0.9788,0.9065,0.9275,,1547913.55,,,,,
2026-03-02 00:00:00+00:00,APTUSD,0.9275,0.9899,0.9157,0.9696,,2215711.7,,,,,
2026-03-03 00:00:00+00:00,APTUSD,0.9696,1.037,0.9485,1.013,,2730370.24,,,,,
2026-03-04 00:00:00+00:00,APTUSD,1.013,1.03,0.9873,1.01,,2678296.75,,,,,
2026-03-05 00:00:00+00:00,APTUSD,1.01,1.02,0.9658,0.9963,,1617692.66,,,,,
2026-03-06 00:00:00+00:00,APTUSD,0.9963,1.025,0.9392,0.9575,,1291631.2,,,,,
2026-03-07 00:00:00+00:00,APTUSD,0.9575,0.9646,0.9316,0.9382,,507373.68,,,,,
2026-03-08 00:00:00+00:00,APTUSD,0.9382,0.9599,0.9118,0.9287,,609494.98,,,,,
2026-03-09 00:00:00+00:00,APTUSD,0.9287,0.9842,0.9284,0.9568,,698667.81,,,,,
2026-03-10 00:00:00+00:00,APTUSD,0.9568,0.9987,0.9461,0.9526,,861919.95,,,,,
2026-03-11 00:00:00+00:00,APTUSD,0.9526,0.9754,0.9337,0.9442,,510632.49,,,,,
2026-03-12 00:00:00+00:00,APTUSD,0.9442,0.9456,0.9042,0.9176,,966646.01,,,,,
2026-03-13 00:00:00+00:00,APTUSD,0.9176,0.9749,0.9117,0.9346,,1740286.86,,,,,
2026-03-14 00:00:00+00:00,APTUSD,0.9346,0.9347,0.9069,0.9209,,543136.6,,,,,
2026-03-15 00:00:00+00:00,APTUSD,0.9209,0.9395,0.9108,0.9348,,542636.2,,,,,
2026-03-16 00:00:00+00:00,APTUSD,0.9348,1.028,0.9289,1.021,,2629339.07,,,,,
2026-03-17 00:00:00+00:00,APTUSD,1.021,1.021,0.9821,1.005,,812806.11,,,,,
2026-03-18 00:00:00+00:00,APTUSD,1.005,1.151,0.9398,0.9906,,1957519.08,,,,,
2026-03-19 00:00:00+00:00,APTUSD,0.9906,0.9944,0.9241,0.9489,,1196085.52,,,,,
2026-03-20 00:00:00+00:00,APTUSD,0.9489,1.025,0.9473,0.991,,2160410.35,,,,,
2026-03-21 00:00:00+00:00,APTUSD,0.991,1.025,0.9665,0.9712,,1137574.04,,,,,
2026-03-22 00:00:00+00:00,APTUSD,0.9712,0.9861,0.9126,0.9283,,872987.26,,,,,
2026-03-23 00:00:00+00:00,APTUSD,0.9283,1.077,0.9057,1.069,,3513062.66,,,,,
2026-03-24 00:00:00+00:00,APTUSD,1.069,1.17,1.024,1.114,,5481336.64,,,,,
2026-03-25 00:00:00+00:00,APTUSD,1.114,1.116,1.049,1.058,,1490232.35,,,,,
2026-03-26 00:00:00+00:00,APTUSD,1.058,1.067,1.015,1.033,,1165146.35,,,,,
2026-03-27 00:00:00+00:00,APTUSD,1.033,1.037,0.9707,0.9757,,1181377.67,,,,,
2026-03-28 00:00:00+00:00,APTUSD,0.9757,0.978,0.9236,0.93,,720110.25,,,,,
2026-03-29 00:00:00+00:00,APTUSD,0.93,0.9431,0.8952,0.9215,,643243.88,,,,,
2026-03-30 00:00:00+00:00,APTUSD,0.9215,0.9493,0.8822,0.8901,,887926.77,,,,,
2026-03-31 00:00:00+00:00,APTUSD,0.8901,0.9141,0.8719,0.8924,,810852.17,,,,,
2026-04-01 00:00:00+00:00,APTUSD,0.8924,0.9171,0.8866,0.8902,,1267295.38,,,,,
2026-04-02 00:00:00+00:00,APTUSD,0.8902,0.8963,0.8444,0.8595,,988840.87,,,,,
2026-04-03 00:00:00+00:00,APTUSD,0.8595,0.8724,0.8426,0.8483,,616534.88,,,,,
2026-04-04 00:00:00+00:00,APTUSD,0.8483,0.8534,0.8386,0.8504,,555041.57,,,,,
2026-04-05 00:00:00+00:00,APTUSD,0.8504,0.8504,0.8262,0.8503,,611996.19,,,,,
2026-04-06 00:00:00+00:00,APTUSD,0.8503,0.8803,0.8314,0.8387,,1201150.57,,,,,
2026-04-07 00:00:00+00:00,APTUSD,0.8387,0.8796,0.8178,0.8722,,1161898.21,,,,,
2026-04-08 00:00:00+00:00,APTUSD,0.8722,0.997,0.829,0.8323,,1686279.7,,,,,
2026-04-09 00:00:00+00:00,APTUSD,0.8323,0.8703,0.8134,0.846,,954666.84,,,,,
2026-04-10 00:00:00+00:00,APTUSD,0.846,0.8781,0.8324,0.8686,,1407185.05,,,,,
2026-04-11 00:00:00+00:00,APTUSD,0.8686,0.8809,0.8458,0.8643,,815427.25,,,,,
2026-04-12 00:00:00+00:00,APTUSD,0.8643,0.8643,0.8072,0.8114,,733081.0,,,,,
2026-04-13 00:00:00+00:00,APTUSD,0.8114,0.8765,0.8114,0.8735,,1090507.44,,,,,
2026-04-14 00:00:00+00:00,APTUSD,0.8735,0.8827,0.849,0.8604,,1491256.12,,,,,
2026-04-15 00:00:00+00:00,APTUSD,0.8604,0.9345,0.8529,0.8956,,1878900.05,,,,,
